"ID","Variable","Group","Status","Implementation","Tests","Connection","Tracking","Related screen","Evidence","Missing / next","Built","Integrated","Tests passed","Browser/device","Deployed","Production configuration","Real end-to-end","Two authenticated accounts","Cross-device/network","Backend persistence","No critical/high defects","Recorded evidence"
"VAR-001","Production account connection","Launch connections","YELLOW","Pending registration captures country/region, Need Help/Help Provider/Both, and versioned prototype-rules consent with a server timestamp. API login and existing sessions require active status plus verified email and phone. Verification delivery and real authenticated acceptance remain unconnected.","Scoped current-build browser/backend checks; all 12 production acceptance gates remain pending.","API and database connected; account verification delivery missing","Previously tracked","cloudAccount","Pending registration captures country/region, Need Help/Help Provider/Both, and versioned prototype-rules consent with a server timestamp. API login and existing sessions require active status plus verified email and phone. Verification delivery and real authenticated acceptance remain unconnected.","Connect verification delivery, recovery/MFA and abuse limits; execute real two-account and full production verification.","Partial: implementation requires acceptance","Partial: production integrations pending","Partial: scoped tests only","Partial: desktop and responsive widths only","Partial: current-build per-variable deployment/acceptance evidence pending","Partial: feature-specific configuration pending","Blocked: real full workflow pending","Blocked: verified account delivery missing","Blocked: second physical device/network needed","Partial: many records still local","Pending: full defect review","Recorded scope and gaps"
"VAR-002","Public, member & admin statistics workspace","Prototype workflows","YELLOW","Implemented or partial; acceptance pending","Specific scoped browser/API checks; full production tests pending","Mixed live public/member foundations and local test preview","Previously tracked","statistics","Statistics views, metric search and state handling are implemented. Live database/public stats and member API foundations are connected; admin production metrics remain unconnected.","Complete all individual metric and authorization tests; see the detailed Statistics variables.","Partial: implementation requires acceptance","Partial: production integrations pending","Partial: scoped tests only","Partial: desktop and responsive widths only","Partial: current-build per-variable deployment/acceptance evidence pending","Partial: feature-specific configuration pending","Blocked: real full workflow pending","Blocked: verified account delivery missing","Blocked: second physical device/network needed","Partial: many records still local","Pending: full defect review","Recorded scope and gaps"
"VAR-003","Core navigation shell","Prototype workflows","YELLOW","Implemented or partial; acceptance pending","Specific scoped browser/API checks; full production tests pending","Device-local prototype","Previously tracked","explore","All planned primary sections can be opened.","Re-run current-version acceptance after any change; downgrade to yellow until reverified.","Partial: implementation requires acceptance","Partial: production integrations pending","Partial: scoped tests only","Partial: desktop and responsive widths only","Partial: current-build per-variable deployment/acceptance evidence pending","Partial: feature-specific configuration pending","Blocked: real full workflow pending","Blocked: verified account delivery missing","Blocked: second physical device/network needed","Partial: many records still local","Pending: full defect review","Recorded scope and gaps"
"VAR-004","Role/view switcher","Prototype workflows","YELLOW","Implemented or partial; acceptance pending","No complete current-build acceptance evidence for this variable","Device-local prototype","Previously tracked","overview","Caseworker, Applicant and Supporter demo views are available.","Re-run current-version acceptance after any change; downgrade to yellow until reverified.","Partial: implementation requires acceptance","Partial: production integrations pending","Partial: scoped tests only","Partial: desktop and responsive widths only","Partial: current-build per-variable deployment/acceptance evidence pending","Partial: feature-specific configuration pending","Blocked: real full workflow pending","Blocked: verified account delivery missing","Blocked: second physical device/network needed","Partial: many records still local","Pending: full defect review","Recorded scope and gaps"
"VAR-005","User account & participation roles","Prototype workflows","YELLOW","Local accounts and pending cloud registration offer Need Help, Help Provider or Both. Production roles are stored as participation preferences, not administrative permission.","Scoped current-build browser/backend checks; all 12 production acceptance gates remain pending.","Device-local prototype","Previously tracked","accounts","Local accounts and pending cloud registration offer Need Help, Help Provider or Both. Production roles are stored as participation preferences, not administrative permission.","Re-run current-version acceptance after any change; downgrade to yellow until reverified.","Partial: implementation requires acceptance","Partial: production integrations pending","Partial: scoped tests only","Partial: desktop and responsive widths only","Partial: current-build per-variable deployment/acceptance evidence pending","Partial: feature-specific configuration pending","Blocked: real full workflow pending","Blocked: verified account delivery missing","Blocked: second physical device/network needed","Partial: many records still local","Pending: full defect review","Recorded scope and gaps"
"VAR-006","Local sign-in, session & profile","Prototype workflows","YELLOW","Implemented or partial; acceptance pending","Specific scoped browser/API checks; full production tests pending","Device-local prototype","Previously tracked","integrations","New local accounts use salted password hashes, device-local sessions and editable profiles.","Re-run current-version acceptance after any change; downgrade to yellow until reverified.","Partial: implementation requires acceptance","Partial: production integrations pending","Partial: scoped tests only","Partial: desktop and responsive widths only","Partial: current-build per-variable deployment/acceptance evidence pending","Partial: feature-specific configuration pending","Blocked: real full workflow pending","Blocked: verified account delivery missing","Blocked: second physical device/network needed","Partial: many records still local","Pending: full defect review","Recorded scope and gaps"
"VAR-007","Help request CRUD","Prototype workflows","YELLOW","Request cards, combined filters, focused details and editor entry; local TEST workflow","Specific request-experience browser checks; full production authorization and acceptance pending","Device-local prototype","Previously tracked","requests","Readable request cards, public-safe search, status/need filters, focused details, next-step explanations, membership-gated saving and local edit guard; saved records persist.","Re-run current-version acceptance after any change; downgrade to yellow until reverified.","Partial: implementation requires acceptance","Partial: production integrations pending","Partial: scoped tests only","Partial: desktop and responsive widths only","Partial: current-build per-variable deployment/acceptance evidence pending","Partial: feature-specific configuration pending","Blocked: real full workflow pending","Blocked: verified account delivery missing","Blocked: second physical device/network needed","Partial: many records still local","Pending: full defect review","Recorded scope and gaps"
"VAR-008","Case review workflow","Prototype workflows","YELLOW","Implemented or partial; acceptance pending","No complete current-build acceptance evidence for this variable","Device-local prototype","Previously tracked","review","Caseworker can change status and public update.","Re-run current-version acceptance after any change; downgrade to yellow until reverified.","Partial: implementation requires acceptance","Partial: production integrations pending","Partial: scoped tests only","Partial: desktop and responsive widths only","Partial: current-build per-variable deployment/acceptance evidence pending","Partial: feature-specific configuration pending","Blocked: real full workflow pending","Blocked: verified account delivery missing","Blocked: second physical device/network needed","Partial: many records still local","Pending: full defect review","Recorded scope and gaps"
"VAR-009","Corrections & appeals","Prototype workflows","YELLOW","Implemented or partial; acceptance pending","No complete current-build acceptance evidence for this variable","Device-local prototype","Previously tracked","appeals","Appeal/correction records can be saved.","Re-run current-version acceptance after any change; downgrade to yellow until reverified.","Partial: implementation requires acceptance","Partial: production integrations pending","Partial: scoped tests only","Partial: desktop and responsive widths only","Partial: current-build per-variable deployment/acceptance evidence pending","Partial: feature-specific configuration pending","Blocked: real full workflow pending","Blocked: verified account delivery missing","Blocked: second physical device/network needed","Partial: many records still local","Pending: full defect review","Recorded scope and gaps"
"VAR-010","Aid delivery planning","Prototype workflows","YELLOW","Implemented or partial; acceptance pending","No complete current-build acceptance evidence for this variable","Device-local prototype","Previously tracked","delivery","Delivery plan records can be saved.","Re-run current-version acceptance after any change; downgrade to yellow until reverified.","Partial: implementation requires acceptance","Partial: production integrations pending","Partial: scoped tests only","Partial: desktop and responsive widths only","Partial: current-build per-variable deployment/acceptance evidence pending","Partial: feature-specific configuration pending","Blocked: real full workflow pending","Blocked: verified account delivery missing","Blocked: second physical device/network needed","Partial: many records still local","Pending: full defect review","Recorded scope and gaps"
"VAR-011","Concern reporting","Prototype workflows","YELLOW","Implemented or partial; acceptance pending","No complete current-build acceptance evidence for this variable","Device-local prototype","Previously tracked","concerns","Anonymous/local concern records can be saved.","Re-run current-version acceptance after any change; downgrade to yellow until reverified.","Partial: implementation requires acceptance","Partial: production integrations pending","Partial: scoped tests only","Partial: desktop and responsive widths only","Partial: current-build per-variable deployment/acceptance evidence pending","Partial: feature-specific configuration pending","Blocked: real full workflow pending","Blocked: verified account delivery missing","Blocked: second physical device/network needed","Partial: many records still local","Pending: full defect review","Recorded scope and gaps"
"VAR-012","Giving shell","Prototype workflows","YELLOW","Implemented or partial; acceptance pending","No complete current-build acceptance evidence for this variable","Device-local prototype","Previously tracked","explore","Supporter can create a fictional pledge.","Re-run current-version acceptance after any change; downgrade to yellow until reverified.","Partial: implementation requires acceptance","Partial: production integrations pending","Partial: scoped tests only","Partial: desktop and responsive widths only","Partial: current-build per-variable deployment/acceptance evidence pending","Partial: feature-specific configuration pending","Blocked: real full workflow pending","Blocked: verified account delivery missing","Blocked: second physical device/network needed","Partial: many records still local","Pending: full defect review","Recorded scope and gaps"
"VAR-013","Safety information shell","Prototype workflows","YELLOW","Implemented or partial; acceptance pending","No complete current-build acceptance evidence for this variable","Device-local prototype","Previously tracked","explore","Sample alerts can be created and viewed.","Re-run current-version acceptance after any change; downgrade to yellow until reverified.","Partial: implementation requires acceptance","Partial: production integrations pending","Partial: scoped tests only","Partial: desktop and responsive widths only","Partial: current-build per-variable deployment/acceptance evidence pending","Partial: feature-specific configuration pending","Blocked: real full workflow pending","Blocked: verified account delivery missing","Blocked: second physical device/network needed","Partial: many records still local","Pending: full defect review","Recorded scope and gaps"
"VAR-014","Purpose & safeguards","Prototype workflows","YELLOW","Implemented or partial; acceptance pending","No complete current-build acceptance evidence for this variable","Device-local prototype","Previously tracked","purpose","Organized mission/safety page, scam warnings, factual prototype/API limits and four clickable next-step tiles; legal readiness remains unverified.","Re-run current-version acceptance after any change; downgrade to yellow until reverified.","Partial: implementation requires acceptance","Partial: production integrations pending","Partial: scoped tests only","Partial: desktop and responsive widths only","Partial: current-build per-variable deployment/acceptance evidence pending","Partial: feature-specific configuration pending","Blocked: real full workflow pending","Blocked: verified account delivery missing","Blocked: second physical device/network needed","Partial: many records still local","Pending: full defect review","Recorded scope and gaps"
"VAR-015","Roadmap status centre","Prototype workflows","YELLOW","Implemented or partial; acceptance pending","No complete current-build acceptance evidence for this variable","Device-local prototype","Previously tracked","roadmap","Green/yellow/red status, search and counts are shown.","Re-run current-version acceptance after any change; downgrade to yellow until reverified.","Partial: implementation requires acceptance","Partial: production integrations pending","Partial: scoped tests only","Partial: desktop and responsive widths only","Partial: current-build per-variable deployment/acceptance evidence pending","Partial: feature-specific configuration pending","Blocked: real full workflow pending","Blocked: verified account delivery missing","Blocked: second physical device/network needed","Partial: many records still local","Pending: full defect review","Recorded scope and gaps"
"VAR-016","Local persistence","Prototype workflows","YELLOW","Implemented or partial; acceptance pending","No complete current-build acceptance evidence for this variable","Device-local prototype","Previously tracked","requests","Test records survive page refresh using localStorage.","Replace with secure backend for real use.","Partial: implementation requires acceptance","Partial: production integrations pending","Partial: scoped tests only","Partial: desktop and responsive widths only","Partial: current-build per-variable deployment/acceptance evidence pending","Partial: feature-specific configuration pending","Blocked: real full workflow pending","Blocked: verified account delivery missing","Blocked: second physical device/network needed","Partial: many records still local","Pending: full defect review","Recorded scope and gaps"
"VAR-017","Responsive mobile pass","Prototype workflows","YELLOW","Implemented or partial; acceptance pending","No complete current-build acceptance evidence for this variable","Device-local prototype","Previously tracked","verificationLab","Responsive rules and narrow-width shell checks passed in V8 verification.","Re-run verification after layout changes.","Partial: implementation requires acceptance","Partial: production integrations pending","Partial: scoped tests only","Partial: desktop and responsive widths only","Partial: current-build per-variable deployment/acceptance evidence pending","Partial: feature-specific configuration pending","Blocked: real full workflow pending","Blocked: verified account delivery missing","Blocked: second physical device/network needed","Partial: many records still local","Pending: full defect review","Recorded scope and gaps"
"VAR-018","Accessibility acceptance","Prototype workflows","YELLOW","Implemented or partial; acceptance pending","No complete current-build acceptance evidence for this variable","Device-local prototype","Previously tracked","verificationLab","Keyboard targets, labels, focus styles and semantic controls passed V8 structural accessibility checks.","Re-run verification after UI changes.","Partial: implementation requires acceptance","Partial: production integrations pending","Partial: scoped tests only","Partial: desktop and responsive widths only","Partial: current-build per-variable deployment/acceptance evidence pending","Partial: feature-specific configuration pending","Blocked: real full workflow pending","Blocked: verified account delivery missing","Blocked: second physical device/network needed","Partial: many records still local","Pending: full defect review","Recorded scope and gaps"
"VAR-019","Automated regression checks","Prototype workflows","YELLOW","Implemented or partial; acceptance pending","Specific scoped browser/API checks; full production tests pending","Device-local prototype","Previously tracked","verificationLab","Latest prior release passed 249 browser checks, 23 simulated API contract checks and 6 live smoke checks. These do not certify all workflows or all 12 conditions.","Run the audit release suites and complete the remaining workflow/device/production coverage.","Partial: implementation requires acceptance","Partial: production integrations pending","Partial: scoped tests only","Partial: desktop and responsive widths only","Partial: current-build per-variable deployment/acceptance evidence pending","Partial: feature-specific configuration pending","Blocked: real full workflow pending","Blocked: verified account delivery missing","Blocked: second physical device/network needed","Partial: many records still local","Pending: full defect review","Recorded scope and gaps"
"VAR-020","Privacy redaction acceptance","Prototype workflows","YELLOW","Implemented or partial; acceptance pending","No complete current-build acceptance evidence for this variable","Device-local prototype","Previously tracked","requests","Automated source checks confirm supporter projections omit private request name and summary fields.","Re-run current-version acceptance after any change; downgrade to yellow until reverified.","Partial: implementation requires acceptance","Partial: production integrations pending","Partial: scoped tests only","Partial: desktop and responsive widths only","Partial: current-build per-variable deployment/acceptance evidence pending","Partial: feature-specific configuration pending","Blocked: real full workflow pending","Blocked: verified account delivery missing","Blocked: second physical device/network needed","Partial: many records still local","Pending: full defect review","Recorded scope and gaps"
"VAR-021","Personal dashboard","Prototype workflows","YELLOW","Implemented or partial; acceptance pending","No complete current-build acceptance evidence for this variable","Device-local prototype","Previously tracked","dashboard","Signed-in users receive role-aware counts, saved stories, notifications and recent activity.","Re-run current-version acceptance after any change; downgrade to yellow until reverified.","Partial: implementation requires acceptance","Partial: production integrations pending","Partial: scoped tests only","Partial: desktop and responsive widths only","Partial: current-build per-variable deployment/acceptance evidence pending","Partial: feature-specific configuration pending","Blocked: real full workflow pending","Blocked: verified account delivery missing","Blocked: second physical device/network needed","Partial: many records still local","Pending: full defect review","Recorded scope and gaps"
"VAR-022","Documents & media uploads","Prototype workflows","YELLOW","Implemented or partial; acceptance pending","No complete current-build acceptance evidence for this variable","Device-local prototype","Previously tracked","files","Both participation roles can upload, preview when supported, download and delete local test files.","Keep file persistence and permission checks covered by tests.","Partial: implementation requires acceptance","Partial: production integrations pending","Partial: scoped tests only","Partial: desktop and responsive widths only","Partial: current-build per-variable deployment/acceptance evidence pending","Partial: feature-specific configuration pending","Blocked: real full workflow pending","Blocked: verified account delivery missing","Blocked: second physical device/network needed","Partial: many records still local","Pending: full defect review","Recorded scope and gaps"
"VAR-023","Provider profile, skills & availability","Prototype workflows","YELLOW","Implemented or partial; acceptance pending","No complete current-build acceptance evidence for this variable","Device-local prototype","Previously tracked","providerProfiles","Implemented in V9; source validation pending full interactive acceptance.","Re-run current-version acceptance after any change; downgrade to yellow until reverified.","Partial: implementation requires acceptance","Partial: production integrations pending","Partial: scoped tests only","Partial: desktop and responsive widths only","Partial: current-build per-variable deployment/acceptance evidence pending","Partial: feature-specific configuration pending","Blocked: real full workflow pending","Blocked: verified account delivery missing","Blocked: second physical device/network needed","Partial: many records still local","Pending: full defect review","Recorded scope and gaps"
"VAR-024","Matching preferences & suggested cases","Prototype workflows","YELLOW","Implemented or partial; acceptance pending","No complete current-build acceptance evidence for this variable","Device-local prototype","Previously tracked","providerProfiles","Implemented in V9 using public case fields only.","Re-run current-version acceptance after any change; downgrade to yellow until reverified.","Partial: implementation requires acceptance","Partial: production integrations pending","Partial: scoped tests only","Partial: desktop and responsive widths only","Partial: current-build per-variable deployment/acceptance evidence pending","Partial: feature-specific configuration pending","Blocked: real full workflow pending","Blocked: verified account delivery missing","Blocked: second physical device/network needed","Partial: many records still local","Pending: full defect review","Recorded scope and gaps"
"VAR-025","Safe accepted-offer handoff","Prototype workflows","YELLOW","Implemented or partial; acceptance pending","No complete current-build acceptance evidence for this variable","Device-local prototype","Previously tracked","offers","Implemented in V9 as a local handoff record with privacy guidance.","Re-run current-version acceptance after any change; downgrade to yellow until reverified.","Partial: implementation requires acceptance","Partial: production integrations pending","Partial: scoped tests only","Partial: desktop and responsive widths only","Partial: current-build per-variable deployment/acceptance evidence pending","Partial: feature-specific configuration pending","Blocked: real full workflow pending","Blocked: verified account delivery missing","Blocked: second physical device/network needed","Partial: many records still local","Pending: full defect review","Recorded scope and gaps"
"VAR-026","Provider trust profile & demo review","Prototype workflows","YELLOW","Implemented or partial; acceptance pending","No complete current-build acceptance evidence for this variable","Device-local prototype","Previously tracked","trustCoordination","Implemented in V10 with fictional references and explicit non-verification language.","Re-run current-version acceptance after any change; downgrade to yellow until reverified.","Partial: implementation requires acceptance","Partial: production integrations pending","Partial: scoped tests only","Partial: desktop and responsive widths only","Partial: current-build per-variable deployment/acceptance evidence pending","Partial: feature-specific configuration pending","Blocked: real full workflow pending","Blocked: verified account delivery missing","Blocked: second physical device/network needed","Partial: many records still local","Pending: full defect review","Recorded scope and gaps"
"VAR-027","Protected appointment scheduling","Prototype workflows","YELLOW","Implemented or partial; acceptance pending","No complete current-build acceptance evidence for this variable","Device-local prototype","Previously tracked","trustCoordination","Implemented in V10 for accepted handoffs without direct address fields.","Re-run current-version acceptance after any change; downgrade to yellow until reverified.","Partial: implementation requires acceptance","Partial: production integrations pending","Partial: scoped tests only","Partial: desktop and responsive widths only","Partial: current-build per-variable deployment/acceptance evidence pending","Partial: feature-specific configuration pending","Blocked: real full workflow pending","Blocked: verified account delivery missing","Blocked: second physical device/network needed","Partial: many records still local","Pending: full defect review","Recorded scope and gaps"
"VAR-028","Two-sided completion confirmation","Prototype workflows","YELLOW","Implemented or partial; acceptance pending","No complete current-build acceptance evidence for this variable","Device-local prototype","Previously tracked","trustCoordination","Implemented in V10; handoff completes only after both participant sides confirm.","Re-run current-version acceptance after any change; downgrade to yellow until reverified.","Partial: implementation requires acceptance","Partial: production integrations pending","Partial: scoped tests only","Partial: desktop and responsive widths only","Partial: current-build per-variable deployment/acceptance evidence pending","Partial: feature-specific configuration pending","Blocked: real full workflow pending","Blocked: verified account delivery missing","Blocked: second physical device/network needed","Partial: many records still local","Pending: full defect review","Recorded scope and gaps"
"VAR-029","Dispute & escalation records","Prototype workflows","YELLOW","Implemented or partial; acceptance pending","No complete current-build acceptance evidence for this variable","Device-local prototype","Previously tracked","trustCoordination","Implemented in V10 with participant-only local test escalations.","Re-run current-version acceptance after any change; downgrade to yellow until reverified.","Partial: implementation requires acceptance","Partial: production integrations pending","Partial: scoped tests only","Partial: desktop and responsive widths only","Partial: current-build per-variable deployment/acceptance evidence pending","Partial: feature-specific configuration pending","Blocked: real full workflow pending","Blocked: verified account delivery missing","Blocked: second physical device/network needed","Partial: many records still local","Pending: full defect review","Recorded scope and gaps"
"VAR-030","Help offers & matching","Prototype workflows","YELLOW","Implemented or partial; acceptance pending","No complete current-build acceptance evidence for this variable","Device-local prototype","Previously tracked","offers","Implemented; V8 source regression checks passed, but interactive browser acceptance has not yet been completed.","Re-run current-version acceptance after any change; downgrade to yellow until reverified.","Partial: implementation requires acceptance","Partial: production integrations pending","Partial: scoped tests only","Partial: desktop and responsive widths only","Partial: current-build per-variable deployment/acceptance evidence pending","Partial: feature-specific configuration pending","Blocked: real full workflow pending","Blocked: verified account delivery missing","Blocked: second physical device/network needed","Partial: many records still local","Pending: full defect review","Recorded scope and gaps"
"VAR-031","Local messaging & safety controls","Prototype workflows","YELLOW","Implemented or partial; acceptance pending","No complete current-build acceptance evidence for this variable","Device-local prototype","Previously tracked","alerts","Implemented; V8 source regression checks passed, but interactive browser acceptance has not yet been completed.","Re-run current-version acceptance after any change; downgrade to yellow until reverified.","Partial: implementation requires acceptance","Partial: production integrations pending","Partial: scoped tests only","Partial: desktop and responsive widths only","Partial: current-build per-variable deployment/acceptance evidence pending","Partial: feature-specific configuration pending","Blocked: real full workflow pending","Blocked: verified account delivery missing","Blocked: second physical device/network needed","Partial: many records still local","Pending: full defect review","Recorded scope and gaps"
"VAR-032","Permanent before/after release history","Prototype workflows","YELLOW","Implemented or partial; acceptance pending","No complete current-build acceptance evidence for this variable","Device-local prototype","Previously tracked","history","Implemented in V12 with version-by-version evidence and status record inside the site.","Re-run current-version acceptance after any change; downgrade to yellow until reverified.","Partial: implementation requires acceptance","Partial: production integrations pending","Partial: scoped tests only","Partial: desktop and responsive widths only","Partial: current-build per-variable deployment/acceptance evidence pending","Partial: feature-specific configuration pending","Blocked: real full workflow pending","Blocked: verified account delivery missing","Blocked: second physical device/network needed","Partial: many records still local","Pending: full defect review","Recorded scope and gaps"
"VAR-033","Release preview screen","Prototype workflows","YELLOW","Implemented or partial; acceptance pending","No complete current-build acceptance evidence for this variable","Device-local prototype","Previously tracked","review","Implemented in V12 with current status counts and shortcuts into the active build.","Re-run current-version acceptance after any change; downgrade to yellow until reverified.","Partial: implementation requires acceptance","Partial: production integrations pending","Partial: scoped tests only","Partial: desktop and responsive widths only","Partial: current-build per-variable deployment/acceptance evidence pending","Partial: feature-specific configuration pending","Blocked: real full workflow pending","Blocked: verified account delivery missing","Blocked: second physical device/network needed","Partial: many records still local","Pending: full defect review","Recorded scope and gaps"
"VAR-034","Service directory & resources","Prototype workflows","YELLOW","Implemented or partial; acceptance pending","No complete current-build acceptance evidence for this variable","Device-local prototype","Previously tracked","serviceDirectory","Implemented in V13 as a local, fictional referral/resource directory.","Re-run current-version acceptance after any change; downgrade to yellow until reverified.","Partial: implementation requires acceptance","Partial: production integrations pending","Partial: scoped tests only","Partial: desktop and responsive widths only","Partial: current-build per-variable deployment/acceptance evidence pending","Partial: feature-specific configuration pending","Blocked: real full workflow pending","Blocked: verified account delivery missing","Blocked: second physical device/network needed","Partial: many records still local","Pending: full defect review","Recorded scope and gaps"
"VAR-035","Provider availability calendar","Prototype workflows","YELLOW","Implemented or partial; acceptance pending","No complete current-build acceptance evidence for this variable","Device-local prototype","Previously tracked","availabilityCalendar","Implemented in V13 with local availability slots and safe modes.","Re-run current-version acceptance after any change; downgrade to yellow until reverified.","Partial: implementation requires acceptance","Partial: production integrations pending","Partial: scoped tests only","Partial: desktop and responsive widths only","Partial: current-build per-variable deployment/acceptance evidence pending","Partial: feature-specific configuration pending","Blocked: real full workflow pending","Blocked: verified account delivery missing","Blocked: second physical device/network needed","Partial: many records still local","Pending: full defect review","Recorded scope and gaps"
"VAR-036","Case journey & milestone tracker","Prototype workflows","YELLOW","Implemented or partial; acceptance pending","No complete current-build acceptance evidence for this variable","Device-local prototype","Previously tracked","caseJourney","Implemented in V13 with case-linked milestones and public-safe notes.","Re-run current-version acceptance after any change; downgrade to yellow until reverified.","Partial: implementation requires acceptance","Partial: production integrations pending","Partial: scoped tests only","Partial: desktop and responsive widths only","Partial: current-build per-variable deployment/acceptance evidence pending","Partial: feature-specific configuration pending","Blocked: real full workflow pending","Blocked: verified account delivery missing","Blocked: second physical device/network needed","Partial: many records still local","Pending: full defect review","Recorded scope and gaps"
"VAR-037","Production verification matrix","Prototype workflows","YELLOW","Implemented or partial; acceptance pending","No complete current-build acceptance evidence for this variable","Device-local prototype","Previously tracked","gateMatrix","Implemented in V15 with explicit Built, Implemented, Executed, Tested, Verified and Positive Result evidence columns for every roadmap variable.","Re-run current-version acceptance after any change; downgrade to yellow until reverified.","Partial: implementation requires acceptance","Partial: production integrations pending","Partial: scoped tests only","Partial: desktop and responsive widths only","Partial: current-build per-variable deployment/acceptance evidence pending","Partial: feature-specific configuration pending","Blocked: real full workflow pending","Blocked: verified account delivery missing","Blocked: second physical device/network needed","Partial: many records still local","Pending: full defect review","Recorded scope and gaps"
"VAR-038","Current-version verification lab","Prototype workflows","YELLOW","Implemented or partial; acceptance pending","No complete current-build acceptance evidence for this variable","Device-local prototype","Previously tracked","verificationLab","Implemented in V16 with executable self-checks, pass/fail evidence and persistent local run history.","Re-run current-version acceptance after any change; downgrade to yellow until reverified.","Partial: implementation requires acceptance","Partial: production integrations pending","Partial: scoped tests only","Partial: desktop and responsive widths only","Partial: current-build per-variable deployment/acceptance evidence pending","Partial: feature-specific configuration pending","Blocked: real full workflow pending","Blocked: verified account delivery missing","Blocked: second physical device/network needed","Partial: many records still local","Pending: full defect review","Recorded scope and gaps"
"VAR-039","Community videos & comments","Prototype workflows","YELLOW","Implemented or partial; acceptance pending","No complete current-build acceptance evidence for this variable","Device-local prototype","Previously tracked","stories","V16 includes playable community videos, comments, threaded replies, like/dislike counts and emoji reactions. Current build changed after prior acceptance evidence.","Re-run current-build video/comment/reaction acceptance and verify persistence before green.","Partial: implementation requires acceptance","Partial: production integrations pending","Partial: scoped tests only","Partial: desktop and responsive widths only","Partial: current-build per-variable deployment/acceptance evidence pending","Partial: feature-specific configuration pending","Blocked: real full workflow pending","Blocked: verified account delivery missing","Blocked: second physical device/network needed","Partial: many records still local","Pending: full defect review","Recorded scope and gaps"
"VAR-040","Ask the World & Goodwill Hub","Prototype workflows","YELLOW","Implemented or partial; acceptance pending","Scoped threads/filter/reaction browser and persistence tests; full production acceptance missing","Device-local prototype","Previously tracked","worldHelp","Local community threads, reply-to-reply forms, selected-cause navigation, filters and toggle reactions. Current browser regression and refresh evidence are recorded in the Community Threads release.","Production community synchronization, server authorization, moderation, verified accounts and physical-device acceptance pending.","Partial: implementation requires acceptance","Partial: production integrations pending","Partial: scoped tests only","Partial: desktop and responsive widths only","Partial: current-build per-variable deployment/acceptance evidence pending","Partial: feature-specific configuration pending","Blocked: real full workflow pending","Blocked: verified account delivery missing","Blocked: second physical device/network needed","Partial: many records still local","Pending: full defect review","Recorded scope and gaps"
"VAR-041","Goal-centered hub navigation","Prototype workflows","YELLOW","Implemented or partial; acceptance pending","Specific scoped browser/API checks; full production tests pending","Device-local prototype","Previously tracked","explore","V16 reorganizes the primary experience around Home, Get Help, Ask the World, Help Others, Causes & Groups, Community, Messages and My Hub while preserving detailed tools underneath.","Complete production usability testing on desktop/mobile and record evidence before green.","Partial: implementation requires acceptance","Partial: production integrations pending","Partial: scoped tests only","Partial: desktop and responsive widths only","Partial: current-build per-variable deployment/acceptance evidence pending","Partial: feature-specific configuration pending","Blocked: real full workflow pending","Blocked: verified account delivery missing","Blocked: second physical device/network needed","Partial: many records still local","Pending: full defect review","Recorded scope and gaps"
"VAR-042","Visitor-to-member participation gate","Prototype workflows","YELLOW","Implemented or partial; acceptance pending","No complete current-build acceptance evidence for this variable","Device-local prototype","Previously tracked","integrations","Visitors can browse and explore, while persistent submit/save/message/react/join/upload actions are intercepted by a centralized membership gate.","Verify every participation action in production with signed-out and signed-in users before green.","Partial: implementation requires acceptance","Partial: production integrations pending","Partial: scoped tests only","Partial: desktop and responsive widths only","Partial: current-build per-variable deployment/acceptance evidence pending","Partial: feature-specific configuration pending","Blocked: real full workflow pending","Blocked: verified account delivery missing","Blocked: second physical device/network needed","Partial: many records still local","Pending: full defect review","Recorded scope and gaps"
"VAR-043","Community groups workspace","Prototype workflows","YELLOW","Implemented or partial; acceptance pending","Scoped group membership browser, persistence and responsive evidence; production acceptance incomplete","Device-local prototype","Previously tracked","groupsHub","Seven local group tabs, updates/tasks and approval-required request review with reasons/history, own-request status and cancellation. Current scoped evidence recorded in Group Membership release.","Move group data to the real backend, add moderation/invite approval, then run two-account cross-device testing.","Partial: implementation requires acceptance","Partial: production integrations pending","Partial: scoped tests only","Partial: desktop and responsive widths only","Partial: current-build per-variable deployment/acceptance evidence pending","Partial: feature-specific configuration pending","Blocked: real full workflow pending","Blocked: verified account delivery missing","Blocked: second physical device/network needed","Partial: many records still local","Pending: full defect review","Recorded scope and gaps"
"VAR-044","Direct messaging with file sharing","Prototype workflows","YELLOW","Local inbox supports search, recipient selection, like/dislike and emoji reactions, private bookmarks/useful marks and filters. Attachments require participant and block checks. Real messaging synchronization remains unconnected. Quoted replies now store a parent message reference, support cancellation and exact original-message navigation, and preserve per-account reply selection on refresh. Sender-only local editing, confirmed conversation removal, change history and stale-edit guards are implemented. Searchable conversation tiles show counts and escaped latest-message previews; opening a tile selects the participant, clears inbox filters and cancels a quote for a different recipient. Missing-account inbox rows are excluded.","Scoped local browser checks; production acceptance pending.","Device-local prototype","Previously tracked","messages","Local inbox supports search, recipient selection, like/dislike and emoji reactions, private bookmarks/useful marks and filters. Attachments require participant and block checks. Real messaging synchronization remains unconnected. Quoted replies now store a parent message reference, support cancellation and exact original-message navigation, and preserve per-account reply selection on refresh. Sender-only local editing, confirmed conversation removal, change history and stale-edit guards are implemented. Searchable conversation tiles show counts and escaped latest-message previews; opening a tile selects the participant, clears inbox filters and cancels a quote for a different recipient. Missing-account inbox rows are excluded.","Finish threaded layout, group reaction tools, notifications, secure server edit/delete/audit/erasure policies, backend messaging and real two-account/device verification.","Partial: implementation requires acceptance","Partial: production integrations pending","Partial: scoped tests only","Partial: desktop and responsive widths only","Partial: current-build per-variable deployment/acceptance evidence pending","Partial: feature-specific configuration pending","Blocked: real full workflow pending","Blocked: verified account delivery missing","Blocked: second physical device/network needed","Partial: many records still local","Pending: full defect review","Recorded scope and gaps"
"VAR-045","Member privacy & communication preferences","Prototype workflows","YELLOW","Implemented or partial; acceptance pending","No complete current-build acceptance evidence for this variable","Device-local prototype","Previously tracked","accounts","V16 stores phone visibility, message/call permissions, group-invite preference and SMS/push/email notification preferences; local messaging/call permission checks are enforced.","Enforce settings server-side and verify against real authenticated accounts before green.","Partial: implementation requires acceptance","Partial: production integrations pending","Partial: scoped tests only","Partial: desktop and responsive widths only","Partial: current-build per-variable deployment/acceptance evidence pending","Partial: feature-specific configuration pending","Blocked: real full workflow pending","Blocked: verified account delivery missing","Blocked: second physical device/network needed","Partial: many records still local","Pending: full defect review","Recorded scope and gaps"
"VAR-046","Share & social accounts","Prototype workflows","YELLOW","Implemented or partial; acceptance pending","No complete current-build acceptance evidence for this variable","Device-local prototype","Previously tracked","accounts","Historical V16 browser acceptance passed for share settings, eight social profile variables, share modal, and Facebook/X/LinkedIn/WhatsApp/Telegram composer URLs.","Re-run current-version share acceptance after any change; downgrade to yellow until reverified.","Partial: implementation requires acceptance","Partial: production integrations pending","Partial: scoped tests only","Partial: desktop and responsive widths only","Partial: current-build per-variable deployment/acceptance evidence pending","Partial: feature-specific configuration pending","Blocked: real full workflow pending","Blocked: verified account delivery missing","Blocked: second physical device/network needed","Partial: many records still local","Pending: full defect review","Recorded scope and gaps"
"VAR-047","Percentage dashboard & per-variable reporting","Prototype workflows","YELLOW","Implemented or partial; acceptance pending","No complete current-build acceptance evidence for this variable","Device-local prototype","Previously tracked","progress","Historical V16 browser checks confirmed overall, prototype, live, per-variable and six-gate percentage calculations/rendering.","Re-run percentage and matrix acceptance after any change; downgrade to yellow until reverified.","Partial: implementation requires acceptance","Partial: production integrations pending","Partial: scoped tests only","Partial: desktop and responsive widths only","Partial: current-build per-variable deployment/acceptance evidence pending","Partial: feature-specific configuration pending","Blocked: real full workflow pending","Blocked: verified account delivery missing","Blocked: second physical device/network needed","Partial: many records still local","Pending: full defect review","Recorded scope and gaps"
"VAR-048","Secure authentication","Launch connections","YELLOW","Implemented or partial; acceptance pending","No complete current-build acceptance evidence for this variable","Partial or future production connection","Previously tracked","accounts","Render API and Postgres are connected. Password hashing, pending registrations, active-account login, session checks and logout exist; verification delivery, recovery, MFA and abuse controls are incomplete.","Complete security/account lifecycle work and positive real two-account tests.","Partial: implementation requires acceptance","Partial: production integrations pending","Partial: scoped tests only","Partial: desktop and responsive widths only","Partial: current-build per-variable deployment/acceptance evidence pending","Partial: feature-specific configuration pending","Blocked: real full workflow pending","Blocked: verified account delivery missing","Blocked: second physical device/network needed","Partial: many records still local","Pending: full defect review","Recorded scope and gaps"
"VAR-049","Role-based authorization","Launch connections","RED","Not implemented","No complete current-build acceptance evidence for this variable","Partial or future production connection","Previously tracked","integrations","Prototype roles exist locally, but real server-side authorization is not yet connected.","Enforce least privilege and resource ownership on the production API.","Blocked: missing or unconnected requirement","Blocked: missing or unconnected requirement","Blocked: missing or unconnected requirement","Blocked: missing or unconnected requirement","Partial: current-build per-variable deployment/acceptance evidence pending","Blocked: missing or unconnected requirement","Blocked: missing or unconnected requirement","Blocked: missing or unconnected requirement","Blocked: missing or unconnected requirement","Blocked: missing or unconnected requirement","Blocked: missing or unconnected requirement","Recorded scope and gaps"
"VAR-050","Encrypted cloud database","Launch connections","YELLOW","Implemented or partial; acceptance pending","No complete current-build acceptance evidence for this variable","Private Postgres connection verified; security and full persistence pending","Previously tracked","integrations","Private Render database connection is working; live health and public statistics checks passed. Encryption review, application-record migration, backups and full persistence acceptance remain pending.","Verify encryption, roles, retention, backups and persistent aid/community records.","Partial: implementation requires acceptance","Partial: production integrations pending","Partial: scoped tests only","Partial: desktop and responsive widths only","Partial: current-build per-variable deployment/acceptance evidence pending","Partial: feature-specific configuration pending","Blocked: real full workflow pending","Blocked: verified account delivery missing","Blocked: second physical device/network needed","Partial: many records still local","Pending: full defect review","Recorded scope and gaps"
"VAR-051","Production visitor analytics","Launch connections","YELLOW","Implemented or partial; acceptance pending","No complete current-build acceptance evidence for this variable","Live public API/database; counting/privacy acceptance pending","Previously tracked","statistics","Live visitor statistics return from Postgres. Real identity, consent/bot policy and uniqueness/time-window production tests remain pending.","Test visitor writes, duplicate/time-window counting, consent and bot handling.","Partial: implementation requires acceptance","Partial: production integrations pending","Partial: scoped tests only","Partial: desktop and responsive widths only","Partial: current-build per-variable deployment/acceptance evidence pending","Partial: feature-specific configuration pending","Blocked: real full workflow pending","Blocked: verified account delivery missing","Blocked: second physical device/network needed","Partial: many records still local","Pending: full defect review","Recorded scope and gaps"
"VAR-052","In-app voice & video calling","Launch connections","RED","Not implemented","No complete current-build acceptance evidence for this variable","Partial or future production connection","Previously tracked","stories","Voice/video controls are visible in member and group workspaces, but no WebRTC media, signaling, TURN/STUN, ringing, push or device integration is connected.","Implement signaling, TURN/STUN, permissions, call privacy, ringing/push, cross-network media and production call evidence.","Blocked: missing or unconnected requirement","Blocked: missing or unconnected requirement","Blocked: missing or unconnected requirement","Blocked: missing or unconnected requirement","Partial: current-build per-variable deployment/acceptance evidence pending","Blocked: missing or unconnected requirement","Blocked: missing or unconnected requirement","Blocked: missing or unconnected requirement","Blocked: missing or unconnected requirement","Blocked: missing or unconnected requirement","Blocked: missing or unconnected requirement","Recorded scope and gaps"
"VAR-053","Audit logs","Launch connections","RED","Not implemented","No complete current-build acceptance evidence for this variable","Partial or future production connection","Previously tracked","integrations","Not connected.","Add immutable activity/event logging.","Blocked: missing or unconnected requirement","Blocked: missing or unconnected requirement","Blocked: missing or unconnected requirement","Blocked: missing or unconnected requirement","Partial: current-build per-variable deployment/acceptance evidence pending","Blocked: missing or unconnected requirement","Blocked: missing or unconnected requirement","Blocked: missing or unconnected requirement","Blocked: missing or unconnected requirement","Blocked: missing or unconnected requirement","Blocked: missing or unconnected requirement","Recorded scope and gaps"
"VAR-054","Identity verification","Launch connections","RED","Not implemented","No complete current-build acceptance evidence for this variable","Partial or future production connection","Previously tracked","accounts","Not connected.","Select privacy-preserving verification approach.","Blocked: missing or unconnected requirement","Blocked: missing or unconnected requirement","Blocked: missing or unconnected requirement","Blocked: missing or unconnected requirement","Partial: current-build per-variable deployment/acceptance evidence pending","Blocked: missing or unconnected requirement","Blocked: missing or unconnected requirement","Blocked: missing or unconnected requirement","Blocked: missing or unconnected requirement","Blocked: missing or unconnected requirement","Blocked: missing or unconnected requirement","Recorded scope and gaps"
"VAR-055","Translation service","Launch connections","RED","Not implemented","No complete current-build acceptance evidence for this variable","Partial or future production connection","Previously tracked","integrations","Not connected.","Add reviewed translations and interpreter workflow.","Blocked: missing or unconnected requirement","Blocked: missing or unconnected requirement","Blocked: missing or unconnected requirement","Blocked: missing or unconnected requirement","Partial: current-build per-variable deployment/acceptance evidence pending","Blocked: missing or unconnected requirement","Blocked: missing or unconnected requirement","Blocked: missing or unconnected requirement","Blocked: missing or unconnected requirement","Blocked: missing or unconnected requirement","Blocked: missing or unconnected requirement","Recorded scope and gaps"
"VAR-056","Caseworker operations","Launch connections","RED","Not implemented","No complete current-build acceptance evidence for this variable","Partial or future production connection","Previously tracked","review","No real staff connection.","Define staffing, queues, supervision and training.","Blocked: missing or unconnected requirement","Blocked: missing or unconnected requirement","Blocked: missing or unconnected requirement","Blocked: missing or unconnected requirement","Partial: current-build per-variable deployment/acceptance evidence pending","Blocked: missing or unconnected requirement","Blocked: missing or unconnected requirement","Blocked: missing or unconnected requirement","Blocked: missing or unconnected requirement","Blocked: missing or unconnected requirement","Blocked: missing or unconnected requirement","Recorded scope and gaps"
"VAR-057","Referral partners","Launch connections","RED","Not implemented","No complete current-build acceptance evidence for this variable","Partial or future production connection","Previously tracked","serviceDirectory","Not connected.","Vet providers and define consent/data-sharing agreements.","Blocked: missing or unconnected requirement","Blocked: missing or unconnected requirement","Blocked: missing or unconnected requirement","Blocked: missing or unconnected requirement","Partial: current-build per-variable deployment/acceptance evidence pending","Blocked: missing or unconnected requirement","Blocked: missing or unconnected requirement","Blocked: missing or unconnected requirement","Blocked: missing or unconnected requirement","Blocked: missing or unconnected requirement","Blocked: missing or unconnected requirement","Recorded scope and gaps"
"VAR-058","Payment processor","Launch connections","RED","Not implemented","No complete current-build acceptance evidence for this variable","Partial or future production connection","Previously tracked","giving","No money moves.","Implement compliant donation processing and reconciliation.","Blocked: missing or unconnected requirement","Blocked: missing or unconnected requirement","Blocked: missing or unconnected requirement","Blocked: missing or unconnected requirement","Partial: current-build per-variable deployment/acceptance evidence pending","Blocked: missing or unconnected requirement","Blocked: missing or unconnected requirement","Blocked: missing or unconnected requirement","Blocked: missing or unconnected requirement","Blocked: missing or unconnected requirement","Blocked: missing or unconnected requirement","Recorded scope and gaps"
"VAR-059","Fund disbursement","Launch connections","RED","Not implemented","No complete current-build acceptance evidence for this variable","Partial or future production connection","Previously tracked","giving","No aid transfers occur.","Add approvals, fraud controls and reconciliation.","Blocked: missing or unconnected requirement","Blocked: missing or unconnected requirement","Blocked: missing or unconnected requirement","Blocked: missing or unconnected requirement","Partial: current-build per-variable deployment/acceptance evidence pending","Blocked: missing or unconnected requirement","Blocked: missing or unconnected requirement","Blocked: missing or unconnected requirement","Blocked: missing or unconnected requirement","Blocked: missing or unconnected requirement","Blocked: missing or unconnected requirement","Recorded scope and gaps"
"VAR-060","Delivery/logistics partners","Launch connections","RED","Not implemented","No complete current-build acceptance evidence for this variable","Partial or future production connection","Previously tracked","delivery","No dispatch occurs.","Integrate vetted partners with minimal data sharing.","Blocked: missing or unconnected requirement","Blocked: missing or unconnected requirement","Blocked: missing or unconnected requirement","Blocked: missing or unconnected requirement","Partial: current-build per-variable deployment/acceptance evidence pending","Blocked: missing or unconnected requirement","Blocked: missing or unconnected requirement","Blocked: missing or unconnected requirement","Blocked: missing or unconnected requirement","Blocked: missing or unconnected requirement","Blocked: missing or unconnected requirement","Recorded scope and gaps"
"VAR-061","Live safety feeds","Launch connections","RED","Not implemented","No complete current-build acceptance evidence for this variable","Partial or future production connection","Previously tracked","alerts","Only sample alerts exist.","Use authoritative official sources and provenance.","Blocked: missing or unconnected requirement","Blocked: missing or unconnected requirement","Blocked: missing or unconnected requirement","Blocked: missing or unconnected requirement","Partial: current-build per-variable deployment/acceptance evidence pending","Blocked: missing or unconnected requirement","Blocked: missing or unconnected requirement","Blocked: missing or unconnected requirement","Blocked: missing or unconnected requirement","Blocked: missing or unconnected requirement","Blocked: missing or unconnected requirement","Recorded scope and gaps"
"VAR-062","Notifications","Launch connections","RED","Not implemented","No complete current-build acceptance evidence for this variable","Partial or future production connection","Previously tracked","integrations","No SMS/email/push.","Implement consent, preference and opt-out handling.","Blocked: missing or unconnected requirement","Blocked: missing or unconnected requirement","Blocked: missing or unconnected requirement","Blocked: missing or unconnected requirement","Partial: current-build per-variable deployment/acceptance evidence pending","Blocked: missing or unconnected requirement","Blocked: missing or unconnected requirement","Blocked: missing or unconnected requirement","Blocked: missing or unconnected requirement","Blocked: missing or unconnected requirement","Blocked: missing or unconnected requirement","Recorded scope and gaps"
"VAR-063","Safeguarding escalation","Launch connections","RED","Not implemented","No complete current-build acceptance evidence for this variable","Partial or future production connection","Previously tracked","concerns","No staffed escalation line.","Define monitored escalation and incident response.","Blocked: missing or unconnected requirement","Blocked: missing or unconnected requirement","Blocked: missing or unconnected requirement","Blocked: missing or unconnected requirement","Partial: current-build per-variable deployment/acceptance evidence pending","Blocked: missing or unconnected requirement","Blocked: missing or unconnected requirement","Blocked: missing or unconnected requirement","Blocked: missing or unconnected requirement","Blocked: missing or unconnected requirement","Blocked: missing or unconnected requirement","Recorded scope and gaps"
"VAR-064","Legal/privacy review","Launch connections","RED","Not implemented","No complete current-build acceptance evidence for this variable","Partial or future production connection","Previously tracked","review","No jurisdiction-specific sign-off.","Complete privacy, consumer, charity and data-law review.","Blocked: missing or unconnected requirement","Blocked: missing or unconnected requirement","Blocked: missing or unconnected requirement","Blocked: missing or unconnected requirement","Partial: current-build per-variable deployment/acceptance evidence pending","Blocked: missing or unconnected requirement","Blocked: missing or unconnected requirement","Blocked: missing or unconnected requirement","Blocked: missing or unconnected requirement","Blocked: missing or unconnected requirement","Blocked: missing or unconnected requirement","Recorded scope and gaps"
"VAR-065","Production monitoring & incident response","Launch connections","YELLOW","Implemented or partial; acceptance pending","No complete current-build acceptance evidence for this variable","Partial or future production connection","Previously tracked","integrations","Render services, deployment history and basic API/database health checks exist. Active monitoring, alerts, runbooks and response owners are not implemented.","Add monitored alerts, security monitoring and incident response owners.","Partial: implementation requires acceptance","Partial: production integrations pending","Partial: scoped tests only","Partial: desktop and responsive widths only","Partial: current-build per-variable deployment/acceptance evidence pending","Partial: feature-specific configuration pending","Blocked: real full workflow pending","Blocked: verified account delivery missing","Blocked: second physical device/network needed","Partial: many records still local","Pending: full defect review","Recorded scope and gaps"
"VAR-066","Help is not guaranteed; funding, review and delays","Anonymous help","YELLOW","Per-request expectations and saved-result reminder.","Specific Anonymous Help browser checks; full production acceptance pending","Device-local fictional casework; no screened staff or aid dispatch","Added by completeness audit","requests","Per-request expectations and saved-result reminder. Local TEST implementation.","Secure backend casework, verified staff and all 12 production conditions remain pending.","Partial: implementation requires acceptance","Partial: production integrations pending","Partial: scoped tests only","Partial: desktop and responsive widths only","Partial: current-build per-variable deployment/acceptance evidence pending","Partial: feature-specific configuration pending","Blocked: real full workflow pending","Blocked: verified account delivery missing","Blocked: second physical device/network needed","Partial: many records still local","Pending: full defect review","Recorded scope and gaps"
"VAR-067","Scam warnings: fees, pressure, passwords, codes, impersonators","Anonymous help","YELLOW","Applicant and donor fee, pressure, password, code and impersonator warnings.","Specific Anonymous Help browser checks; full production acceptance pending","Device-local fictional casework; no screened staff or aid dispatch","Added by completeness audit","giving","Applicant and donor fee, pressure, password, code and impersonator warnings. Local TEST implementation.","Secure backend casework, verified staff and all 12 production conditions remain pending.","Partial: implementation requires acceptance","Partial: production integrations pending","Partial: scoped tests only","Partial: desktop and responsive widths only","Partial: current-build per-variable deployment/acceptance evidence pending","Partial: feature-specific configuration pending","Blocked: real full workflow pending","Blocked: verified account delivery missing","Blocked: second physical device/network needed","Partial: many records still local","Pending: full defect review","Recorded scope and gaps"
"VAR-068","Request consent and consent record","Anonymous help","YELLOW","Required consent timestamp/version; renewed for edits.","Specific Anonymous Help browser checks; full production acceptance pending","Device-local fictional casework; no screened staff or aid dispatch","Added by completeness audit","requests","Required consent timestamp/version; renewed for edits. Local TEST implementation.","Secure backend casework, verified staff and all 12 production conditions remain pending.","Partial: implementation requires acceptance","Partial: production integrations pending","Partial: scoped tests only","Partial: desktop and responsive widths only","Partial: current-build per-variable deployment/acceptance evidence pending","Partial: feature-specific configuration pending","Blocked: real full workflow pending","Blocked: verified account delivery missing","Blocked: second physical device/network needed","Partial: many records still local","Pending: full defect review","Recorded scope and gaps"
"VAR-069","Language preference and human-assistance flag","Anonymous help","YELLOW","Partial or local implementation","Dedicated production acceptance is still pending","Partial or not connected","Added by completeness audit","requests","Both fields exist in local intake.","Connect translation and trained assistance; test low-literacy use.","Partial: implementation requires acceptance","Partial: production integrations pending","Partial: scoped tests only","Partial: desktop and responsive widths only","Partial: current-build per-variable deployment/acceptance evidence pending","Partial: feature-specific configuration pending","Blocked: real full workflow pending","Blocked: verified account delivery missing","Blocked: second physical device/network needed","Partial: many records still local","Pending: full defect review","Recorded scope and gaps"
"VAR-070","Spoken instructions and unavailable-audio fallback","Anonymous help","YELLOW","English browser read-aloud, stop and written audio-error fallback.","Specific Anonymous Help browser checks; full production acceptance pending","Device-local fictional casework; no screened staff or aid dispatch","Added by completeness audit","requests","English browser read-aloud, stop and written audio-error fallback. Local TEST implementation.","Secure backend casework, verified staff and all 12 production conditions remain pending.","Partial: implementation requires acceptance","Partial: production integrations pending","Partial: scoped tests only","Partial: desktop and responsive widths only","Partial: current-build per-variable deployment/acceptance evidence pending","Partial: feature-specific configuration pending","Blocked: real full workflow pending","Blocked: verified account delivery missing","Blocked: second physical device/network needed","Partial: many records still local","Pending: full defect review","Recorded scope and gaps"
"VAR-071","No-document exception and assisted appeal","Anonymous help","YELLOW","Partial or local implementation","Dedicated production acceptance is still pending","Partial or not connected","Added by completeness audit","appeals","A local appeal text form exists; document exceptions and staff assistance are not implemented.","Add a fair exception workflow with human support.","Partial: implementation requires acceptance","Partial: production integrations pending","Partial: scoped tests only","Partial: desktop and responsive widths only","Partial: current-build per-variable deployment/acceptance evidence pending","Partial: feature-specific configuration pending","Blocked: real full workflow pending","Blocked: verified account delivery missing","Blocked: second physical device/network needed","Partial: many records still local","Pending: full defect review","Recorded scope and gaps"
"VAR-072","Screened caseworker access to identifying details","Anonymous help","RED","Not implemented in current V16","Dedicated production acceptance is still pending","Partial or not connected","Added by completeness audit","review","Demo view selection is not screened staff authorization.","Verify staff and enforce private access on the server.","Blocked: missing or unconnected requirement","Blocked: missing or unconnected requirement","Blocked: missing or unconnected requirement","Blocked: missing or unconnected requirement","Partial: current-build per-variable deployment/acceptance evidence pending","Blocked: missing or unconnected requirement","Blocked: missing or unconnected requirement","Blocked: missing or unconnected requirement","Blocked: missing or unconnected requirement","Blocked: missing or unconnected requirement","Blocked: missing or unconnected requirement","Recorded scope and gaps"
"VAR-073","Proportionate verification checklist","Anonymous help","YELLOW","Proportionate need/consent/funding/privacy checklist and private reason.","Specific Anonymous Help browser checks; full production acceptance pending","Device-local fictional casework; no screened staff or aid dispatch","Added by completeness audit","review","Proportionate need/consent/funding/privacy checklist and private reason. Local TEST implementation.","Secure backend casework, verified staff and all 12 production conditions remain pending.","Partial: implementation requires acceptance","Partial: production integrations pending","Partial: scoped tests only","Partial: desktop and responsive widths only","Partial: current-build per-variable deployment/acceptance evidence pending","Partial: feature-specific configuration pending","Blocked: real full workflow pending","Blocked: verified account delivery missing","Blocked: second physical device/network needed","Partial: many records still local","Pending: full defect review","Recorded scope and gaps"
"VAR-074","Different second reviewer for large or repeated cases","Anonymous help","YELLOW","Different demo reviewers enforced for 500 USD or repeated final decisions.","Specific Anonymous Help browser checks; full production acceptance pending","Device-local fictional casework; no screened staff or aid dispatch","Added by completeness audit","review","Different demo reviewers enforced for 500 USD or repeated final decisions. Local TEST implementation.","Secure backend casework, verified staff and all 12 production conditions remain pending.","Partial: implementation requires acceptance","Partial: production integrations pending","Partial: scoped tests only","Partial: desktop and responsive widths only","Partial: current-build per-variable deployment/acceptance evidence pending","Partial: feature-specific configuration pending","Blocked: real full workflow pending","Blocked: verified account delivery missing","Blocked: second physical device/network needed","Partial: many records still local","Pending: full defect review","Recorded scope and gaps"
"VAR-075","Independent appeal reviewer and resolution","Anonymous help","YELLOW","Independent fictional appeal reviewer, reason, outcomes and reopening.","Specific Anonymous Help browser checks; full production acceptance pending","Device-local fictional casework; no screened staff or aid dispatch","Added by completeness audit","appeals","Independent fictional appeal reviewer, reason, outcomes and reopening. Local TEST implementation.","Secure backend casework, verified staff and all 12 production conditions remain pending.","Partial: implementation requires acceptance","Partial: production integrations pending","Partial: scoped tests only","Partial: desktop and responsive widths only","Partial: current-build per-variable deployment/acceptance evidence pending","Partial: feature-specific configuration pending","Blocked: real full workflow pending","Blocked: verified account delivery missing","Blocked: second physical device/network needed","Partial: many records still local","Pending: full defect review","Recorded scope and gaps"
"VAR-076","Duplicate claims and decision history","Anonymous help","YELLOW","Related-case signals, humane review and timestamped decision history.","Specific Anonymous Help browser checks; full production acceptance pending","Device-local fictional casework; no screened staff or aid dispatch","Added by completeness audit","review","Related-case signals, humane review and timestamped decision history. Local TEST implementation.","Secure backend casework, verified staff and all 12 production conditions remain pending.","Partial: implementation requires acceptance","Partial: production integrations pending","Partial: scoped tests only","Partial: desktop and responsive widths only","Partial: current-build per-variable deployment/acceptance evidence pending","Partial: feature-specific configuration pending","Blocked: real full workflow pending","Blocked: verified account delivery missing","Blocked: second physical device/network needed","Partial: many records still local","Pending: full defect review","Recorded scope and gaps"
"VAR-077","Anonymous donor/recipient identity separation","Anonymous help","YELLOW","Partial or local implementation","Dedicated production acceptance is still pending","Partial or not connected","Added by completeness audit","giving","Local supporter projection omits applicant names and private summaries.","Enforce identity separation for real accounts and payments.","Partial: implementation requires acceptance","Partial: production integrations pending","Partial: scoped tests only","Partial: desktop and responsive widths only","Partial: current-build per-variable deployment/acceptance evidence pending","Partial: feature-specific configuration pending","Blocked: real full workflow pending","Blocked: verified account delivery missing","Blocked: second physical device/network needed","Partial: many records still local","Pending: full defect review","Recorded scope and gaps"
"VAR-078","No precise public location or medical/family exposure","Anonymous help","YELLOW","Partial or local implementation","Dedicated production acceptance is still pending","Partial or not connected","Added by completeness audit","purpose","Privacy guidance and safe projections exist; backend-wide enforcement is pending.","Test every API, upload and permitted update for exposure.","Partial: implementation requires acceptance","Partial: production integrations pending","Partial: scoped tests only","Partial: desktop and responsive widths only","Partial: current-build per-variable deployment/acceptance evidence pending","Partial: feature-specific configuration pending","Blocked: real full workflow pending","Blocked: verified account delivery missing","Blocked: second physical device/network needed","Partial: many records still local","Pending: full defect review","Recorded scope and gaps"
"VAR-079","Shelter, meals, transit, treatment and supplies delivery","Anonymous help","YELLOW","Partial or local implementation","Dedicated production acceptance is still pending","Partial or not connected","Added by completeness audit","delivery","Local delivery methods and referral notes exist; no booking or fulfillment.","Add verified partners, service types, approval and fulfillment.","Partial: implementation requires acceptance","Partial: production integrations pending","Partial: scoped tests only","Partial: desktop and responsive widths only","Partial: current-build per-variable deployment/acceptance evidence pending","Partial: feature-specific configuration pending","Blocked: real full workflow pending","Blocked: verified account delivery missing","Blocked: second physical device/network needed","Partial: many records still local","Pending: full defect review","Recorded scope and gaps"
"VAR-080","Pooled fund and case-specific donor funding","Anonymous help","YELLOW","Partial or local implementation","Dedicated production acceptance is still pending","Partial or not connected","Added by completeness audit","giving","Local case pledges exist; pooled fund accounting does not.","Implement donations, pooled allocation and reconciliation.","Partial: implementation requires acceptance","Partial: production integrations pending","Partial: scoped tests only","Partial: desktop and responsive widths only","Partial: current-build per-variable deployment/acceptance evidence pending","Partial: feature-specific configuration pending","Blocked: real full workflow pending","Blocked: verified account delivery missing","Blocked: second physical device/network needed","Partial: many records still local","Pending: full defect review","Recorded scope and gaps"
"VAR-081","Medical support for vulnerable families","Anonymous help","YELLOW","Partial or local implementation","Dedicated production acceptance is still pending","Partial or not connected","Added by completeness audit","requests","Medical support is a local need type; real medical aid is unconnected.","Connect vetted partners and accessible assisted intake.","Partial: implementation requires acceptance","Partial: production integrations pending","Partial: scoped tests only","Partial: desktop and responsive widths only","Partial: current-build per-variable deployment/acceptance evidence pending","Partial: feature-specific configuration pending","Blocked: real full workflow pending","Blocked: verified account delivery missing","Blocked: second physical device/network needed","Partial: many records still local","Pending: full defect review","Recorded scope and gaps"
"VAR-082","Addiction recovery and purpose rebuilding","Mission & care","YELLOW","Partial or local implementation","Dedicated production acceptance is still pending","Partial or not connected","Added by completeness audit","purpose","Mission and community guidance are general; no staffed recovery program.","Design nonjudgmental recovery referrals and reviewed support.","Partial: implementation requires acceptance","Partial: production integrations pending","Partial: scoped tests only","Partial: desktop and responsive widths only","Partial: current-build per-variable deployment/acceptance evidence pending","Partial: feature-specific configuration pending","Blocked: real full workflow pending","Blocked: verified account delivery missing","Blocked: second physical device/network needed","Partial: many records still local","Pending: full defect review","Recorded scope and gaps"
"VAR-083","Homelessness and safe overnight shelter","Mission & care","YELLOW","Partial or local implementation","Dedicated production acceptance is still pending","Partial or not connected","Added by completeness audit","serviceDirectory","Fictional resources and housing requests exist; no verified overnight capacity.","Connect safe shelter availability and supported booking.","Partial: implementation requires acceptance","Partial: production integrations pending","Partial: scoped tests only","Partial: desktop and responsive widths only","Partial: current-build per-variable deployment/acceptance evidence pending","Partial: feature-specific configuration pending","Blocked: real full workflow pending","Blocked: verified account delivery missing","Blocked: second physical device/network needed","Partial: many records still local","Pending: full defect review","Recorded scope and gaps"
"VAR-084","War-affected people: shelter, aid and human support","Mission & care","RED","Not implemented in current V16","Dedicated production acceptance is still pending","Partial or not connected","Added by completeness audit","serviceDirectory","No dedicated war-relief workflow or credible relief partner connection.","Implement verified relief referrals and privacy-preserving support.","Blocked: missing or unconnected requirement","Blocked: missing or unconnected requirement","Blocked: missing or unconnected requirement","Blocked: missing or unconnected requirement","Partial: current-build per-variable deployment/acceptance evidence pending","Blocked: missing or unconnected requirement","Blocked: missing or unconnected requirement","Blocked: missing or unconnected requirement","Blocked: missing or unconnected requirement","Blocked: missing or unconnected requirement","Blocked: missing or unconnected requirement","Recorded scope and gaps"
"VAR-085","Major donors: housing, recovery and rebuilding reporting","Mission & care","RED","Not implemented in current V16","Dedicated production acceptance is still pending","Partial or not connected","Added by completeness audit","giving","No major-donor program or outcome reporting workflow.","Design contributions, approved updates and clear financial reports.","Blocked: missing or unconnected requirement","Blocked: missing or unconnected requirement","Blocked: missing or unconnected requirement","Blocked: missing or unconnected requirement","Partial: current-build per-variable deployment/acceptance evidence pending","Blocked: missing or unconnected requirement","Blocked: missing or unconnected requirement","Blocked: missing or unconnected requirement","Blocked: missing or unconnected requirement","Blocked: missing or unconnected requirement","Blocked: missing or unconnected requirement","Recorded scope and gaps"
"VAR-086","Shared duty, kindness and service pathways","Mission & care","YELLOW","Partial or local implementation","Dedicated production acceptance is still pending","Partial or not connected","Added by completeness audit","worldHelp","Goodwill posts, causes and volunteer joining exist locally.","Verify recovery/service journeys and safeguarding.","Partial: implementation requires acceptance","Partial: production integrations pending","Partial: scoped tests only","Partial: desktop and responsive widths only","Partial: current-build per-variable deployment/acceptance evidence pending","Partial: feature-specific configuration pending","Blocked: real full workflow pending","Blocked: verified account delivery missing","Blocked: second physical device/network needed","Partial: many records still local","Pending: full defect review","Recorded scope and gaps"
"VAR-087","Crime alerts: robbery, murder and homicide","Safety","YELLOW","TEST alert category, editable local record, UTC source/expiry and uncertainty labels. ","Specific safety form/browser checks; live emergency acceptance pending","Unverified local TEST alerts; no official feeds, maps or push delivery","Added by completeness audit","alerts","TEST alert category, editable local record, UTC source/expiry and uncertainty labels. ","Verified official feeds, delivery, source vetting and full production acceptance are not connected.","Partial: implementation requires acceptance","Partial: production integrations pending","Partial: scoped tests only","Partial: desktop and responsive widths only","Partial: current-build per-variable deployment/acceptance evidence pending","Partial: feature-specific configuration pending","Blocked: real full workflow pending","Blocked: verified account delivery missing","Blocked: second physical device/network needed","Partial: many records still local","Pending: full defect review","Recorded scope and gaps"
"VAR-088","Radiation hazard alerts","Safety","YELLOW","TEST alert category, editable local record, UTC source/expiry and uncertainty labels. ","Specific safety form/browser checks; live emergency acceptance pending","Unverified local TEST alerts; no official feeds, maps or push delivery","Added by completeness audit","alerts","TEST alert category, editable local record, UTC source/expiry and uncertainty labels. ","Verified official feeds, delivery, source vetting and full production acceptance are not connected.","Partial: implementation requires acceptance","Partial: production integrations pending","Partial: scoped tests only","Partial: desktop and responsive widths only","Partial: current-build per-variable deployment/acceptance evidence pending","Partial: feature-specific configuration pending","Blocked: real full workflow pending","Blocked: verified account delivery missing","Blocked: second physical device/network needed","Partial: many records still local","Pending: full defect review","Recorded scope and gaps"
"VAR-089","Outbreak relative-risk areas and uncertainty","Safety","YELLOW","TEST alert category, editable local record, UTC source/expiry and uncertainty labels. Relative-risk notes only; no map.","Specific safety form/browser checks; live emergency acceptance pending","Unverified local TEST alerts; no official feeds, maps or push delivery","Added by completeness audit","alerts","TEST alert category, editable local record, UTC source/expiry and uncertainty labels. Relative-risk notes only; no map.","Verified official feeds, delivery, source vetting and full production acceptance are not connected.","Partial: implementation requires acceptance","Partial: production integrations pending","Partial: scoped tests only","Partial: desktop and responsive widths only","Partial: current-build per-variable deployment/acceptance evidence pending","Partial: feature-specific configuration pending","Blocked: real full workflow pending","Blocked: verified account delivery missing","Blocked: second physical device/network needed","Partial: many records still local","Pending: full defect review","Recorded scope and gaps"
"VAR-090","Missile attack and air-raid alerts","Safety","YELLOW","TEST alert category, editable local record, UTC source/expiry and uncertainty labels. ","Specific safety form/browser checks; live emergency acceptance pending","Unverified local TEST alerts; no official feeds, maps or push delivery","Added by completeness audit","alerts","TEST alert category, editable local record, UTC source/expiry and uncertainty labels. ","Verified official feeds, delivery, source vetting and full production acceptance are not connected.","Partial: implementation requires acceptance","Partial: production integrations pending","Partial: scoped tests only","Partial: desktop and responsive widths only","Partial: current-build per-variable deployment/acceptance evidence pending","Partial: feature-specific configuration pending","Blocked: real full workflow pending","Blocked: verified account delivery missing","Blocked: second physical device/network needed","Partial: many records still local","Pending: full defect review","Recorded scope and gaps"
"VAR-091","Earthquake alerts","Safety","YELLOW","TEST alert category, editable local record, UTC source/expiry and uncertainty labels. ","Specific safety form/browser checks; live emergency acceptance pending","Unverified local TEST alerts; no official feeds, maps or push delivery","Added by completeness audit","alerts","TEST alert category, editable local record, UTC source/expiry and uncertainty labels. ","Verified official feeds, delivery, source vetting and full production acceptance are not connected.","Partial: implementation requires acceptance","Partial: production integrations pending","Partial: scoped tests only","Partial: desktop and responsive widths only","Partial: current-build per-variable deployment/acceptance evidence pending","Partial: feature-specific configuration pending","Blocked: real full workflow pending","Blocked: verified account delivery missing","Blocked: second physical device/network needed","Partial: many records still local","Pending: full defect review","Recorded scope and gaps"
"VAR-092","Tsunami alerts and evacuation guidance","Safety","YELLOW","TEST alert category, editable local record, UTC source/expiry and uncertainty labels. ","Specific safety form/browser checks; live emergency acceptance pending","Unverified local TEST alerts; no official feeds, maps or push delivery","Added by completeness audit","alerts","TEST alert category, editable local record, UTC source/expiry and uncertainty labels. ","Verified official feeds, delivery, source vetting and full production acceptance are not connected.","Partial: implementation requires acceptance","Partial: production integrations pending","Partial: scoped tests only","Partial: desktop and responsive widths only","Partial: current-build per-variable deployment/acceptance evidence pending","Partial: feature-specific configuration pending","Blocked: real full workflow pending","Blocked: verified account delivery missing","Blocked: second physical device/network needed","Partial: many records still local","Pending: full defect review","Recorded scope and gaps"
"VAR-093","Fictional zombie scenario with FICTION label","Safety","YELLOW","TEST alert category, editable local record, UTC source/expiry and uncertainty labels. ","Specific safety form/browser checks; live emergency acceptance pending","Unverified local TEST alerts; no official feeds, maps or push delivery","Added by completeness audit","alerts","TEST alert category, editable local record, UTC source/expiry and uncertainty labels. ","Verified official feeds, delivery, source vetting and full production acceptance are not connected.","Partial: implementation requires acceptance","Partial: production integrations pending","Partial: scoped tests only","Partial: desktop and responsive widths only","Partial: current-build per-variable deployment/acceptance evidence pending","Partial: feature-specific configuration pending","Blocked: real full workflow pending","Blocked: verified account delivery missing","Blocked: second physical device/network needed","Partial: many records still local","Pending: full defect review","Recorded scope and gaps"
"VAR-094","Alert sources, UTC issue/expiry and uncertainty","Safety","YELLOW","TEST alert category, editable local record, UTC source/expiry and uncertainty labels. ","Specific safety form/browser checks; live emergency acceptance pending","Unverified local TEST alerts; no official feeds, maps or push delivery","Added by completeness audit","alerts","TEST alert category, editable local record, UTC source/expiry and uncertainty labels. ","Verified official feeds, delivery, source vetting and full production acceptance are not connected.","Partial: implementation requires acceptance","Partial: production integrations pending","Partial: scoped tests only","Partial: desktop and responsive widths only","Partial: current-build per-variable deployment/acceptance evidence pending","Partial: feature-specific configuration pending","Blocked: real full workflow pending","Blocked: verified account delivery missing","Blocked: second physical device/network needed","Partial: many records still local","Pending: full defect review","Recorded scope and gaps"
"VAR-095","Free urgent safety guidance and expanded subscriber reports","Safety","YELLOW","TEST alert category, editable local record, UTC source/expiry and uncertainty labels. Urgent information free; expanded report demo.","Specific safety form/browser checks; live emergency acceptance pending","Unverified local TEST alerts; no official feeds, maps or push delivery","Added by completeness audit","alerts","TEST alert category, editable local record, UTC source/expiry and uncertainty labels. Urgent information free; expanded report demo.","Verified official feeds, delivery, source vetting and full production acceptance are not connected.","Partial: implementation requires acceptance","Partial: production integrations pending","Partial: scoped tests only","Partial: desktop and responsive widths only","Partial: current-build per-variable deployment/acceptance evidence pending","Partial: feature-specific configuration pending","Blocked: real full workflow pending","Blocked: verified account delivery missing","Blocked: second physical device/network needed","Partial: many records still local","Pending: full defect review","Recorded scope and gaps"
"VAR-096","Regional legal review and launch jurisdictions","Safeguards","RED","Not implemented in current V16","Dedicated production acceptance is still pending","Partial or not connected","Added by completeness audit","purpose","No launch countries or regional legal sign-offs are recorded.","Set jurisdictions and obtain qualified reviews.","Blocked: missing or unconnected requirement","Blocked: missing or unconnected requirement","Blocked: missing or unconnected requirement","Blocked: missing or unconnected requirement","Partial: current-build per-variable deployment/acceptance evidence pending","Blocked: missing or unconnected requirement","Blocked: missing or unconnected requirement","Blocked: missing or unconnected requirement","Blocked: missing or unconnected requirement","Blocked: missing or unconnected requirement","Blocked: missing or unconnected requirement","Recorded scope and gaps"
"VAR-097","Safeguarding, retention, deletion and consent policies","Safeguards","YELLOW","Partial or local implementation","Dedicated production acceptance is still pending","Partial or not connected","Added by completeness audit","purpose","Required policies are mentioned; operational enforcement is unconnected.","Implement retention, consent management, safeguarding and deletion.","Partial: implementation requires acceptance","Partial: production integrations pending","Partial: scoped tests only","Partial: desktop and responsive widths only","Partial: current-build per-variable deployment/acceptance evidence pending","Partial: feature-specific configuration pending","Blocked: real full workflow pending","Blocked: verified account delivery missing","Blocked: second physical device/network needed","Partial: many records still local","Pending: full defect review","Recorded scope and gaps"
"VAR-098","Data backups and database retention beyond October 31","Safeguards","RED","Not implemented in current V16","Dedicated production acceptance is still pending","Partial or not connected","Added by completeness audit","integrations","The free database expiry is known; no backup/retention plan is implemented.","Arrange backups and retained hosting before real records.","Blocked: missing or unconnected requirement","Blocked: missing or unconnected requirement","Blocked: missing or unconnected requirement","Blocked: missing or unconnected requirement","Partial: current-build per-variable deployment/acceptance evidence pending","Blocked: missing or unconnected requirement","Blocked: missing or unconnected requirement","Blocked: missing or unconnected requirement","Blocked: missing or unconnected requirement","Blocked: missing or unconnected requirement","Blocked: missing or unconnected requirement","Recorded scope and gaps"
"VAR-099","Loading, empty, success and error states across every form","UX & quality","YELLOW","Partial or local implementation","Dedicated production acceptance is still pending","Partial or not connected","Added by completeness audit","verificationLab","Account/statistics states have specific tests; coverage for every other form is not complete.","Test each form, storage failure and recovery path.","Partial: implementation requires acceptance","Partial: production integrations pending","Partial: scoped tests only","Partial: desktop and responsive widths only","Partial: current-build per-variable deployment/acceptance evidence pending","Partial: feature-specific configuration pending","Blocked: real full workflow pending","Blocked: verified account delivery missing","Blocked: second physical device/network needed","Partial: many records still local","Pending: full defect review","Recorded scope and gaps"
"VAR-100","Every menu, icon and tile has a valid destination","UX & quality","YELLOW","Partial or local implementation","Dedicated production acceptance is still pending","Partial or not connected","Added by completeness audit","explore","Current native menu/tile and route checks passed; new register will be retested.","Keep complete routing and keyboard/mobile acceptance.","Partial: implementation requires acceptance","Partial: production integrations pending","Partial: scoped tests only","Partial: desktop and responsive widths only","Partial: current-build per-variable deployment/acceptance evidence pending","Partial: feature-specific configuration pending","Blocked: real full workflow pending","Blocked: verified account delivery missing","Blocked: second physical device/network needed","Partial: many records still local","Pending: full defect review","Recorded scope and gaps"
"VAR-101","Screen reader and 200% text enlargement","UX & quality","YELLOW","Partial or local implementation","Dedicated production acceptance is still pending","Partial or not connected","Added by completeness audit","verificationLab","Labels and focus styles exist; dedicated screen-reader and 200% acceptance is not complete.","Execute assistive-technology and zoom checks.","Partial: implementation requires acceptance","Partial: production integrations pending","Partial: scoped tests only","Partial: desktop and responsive widths only","Partial: current-build per-variable deployment/acceptance evidence pending","Partial: feature-specific configuration pending","Blocked: real full workflow pending","Blocked: verified account delivery missing","Blocked: second physical device/network needed","Partial: many records still local","Pending: full defect review","Recorded scope and gaps"
"VAR-102","Source files and deployment instructions","UX & quality","YELLOW","Partial or local implementation","Dedicated production acceptance is still pending","Partial or not connected","Added by completeness audit","preview","GitHub source, tests and deployment README are available.","Verify fresh deployment and all required acceptance.","Partial: implementation requires acceptance","Partial: production integrations pending","Partial: scoped tests only","Partial: desktop and responsive widths only","Partial: current-build per-variable deployment/acceptance evidence pending","Partial: feature-specific configuration pending","Blocked: real full workflow pending","Blocked: verified account delivery missing","Blocked: second physical device/network needed","Partial: many records still local","Pending: full defect review","Recorded scope and gaps"
"VAR-103","Email verification delivery","Account & access","RED","Not implemented in current V16","Dedicated production acceptance is still pending","Partial or not connected","Added by completeness audit","cloudAccount","Registration stays pending; no email provider is connected.","Connect delivery, token expiry and verification lifecycle.","Blocked: missing or unconnected requirement","Blocked: missing or unconnected requirement","Blocked: missing or unconnected requirement","Blocked: missing or unconnected requirement","Partial: current-build per-variable deployment/acceptance evidence pending","Blocked: missing or unconnected requirement","Blocked: missing or unconnected requirement","Blocked: missing or unconnected requirement","Blocked: missing or unconnected requirement","Blocked: missing or unconnected requirement","Blocked: missing or unconnected requirement","Recorded scope and gaps"
"VAR-104","SMS verification delivery","Account & access","RED","Not implemented in current V16","Dedicated production acceptance is still pending","Partial or not connected","Added by completeness audit","cloudAccount","Phone is captured, but no SMS verification is connected.","Connect consented delivery, limits and verification lifecycle.","Blocked: missing or unconnected requirement","Blocked: missing or unconnected requirement","Blocked: missing or unconnected requirement","Blocked: missing or unconnected requirement","Partial: current-build per-variable deployment/acceptance evidence pending","Blocked: missing or unconnected requirement","Blocked: missing or unconnected requirement","Blocked: missing or unconnected requirement","Blocked: missing or unconnected requirement","Blocked: missing or unconnected requirement","Blocked: missing or unconnected requirement","Recorded scope and gaps"
"VAR-105","Account recovery and MFA","Account & access","RED","Not implemented in current V16","Dedicated production acceptance is still pending","Partial or not connected","Added by completeness audit","cloudAccount","No production recovery or MFA workflow.","Implement and review recovery, MFA and abuse controls.","Blocked: missing or unconnected requirement","Blocked: missing or unconnected requirement","Blocked: missing or unconnected requirement","Blocked: missing or unconnected requirement","Partial: current-build per-variable deployment/acceptance evidence pending","Blocked: missing or unconnected requirement","Blocked: missing or unconnected requirement","Blocked: missing or unconnected requirement","Blocked: missing or unconnected requirement","Blocked: missing or unconnected requirement","Blocked: missing or unconnected requirement","Recorded scope and gaps"
"VAR-106","Registration/login rate limits and abuse controls","Account & access","RED","Not implemented in current V16","Dedicated production acceptance is still pending","Partial or not connected","Added by completeness audit","cloudAccount","Input bounds exist; production request abuse/rate-limit controls are not implemented.","Implement limits and test bypass/abuse handling.","Blocked: missing or unconnected requirement","Blocked: missing or unconnected requirement","Blocked: missing or unconnected requirement","Blocked: missing or unconnected requirement","Partial: current-build per-variable deployment/acceptance evidence pending","Blocked: missing or unconnected requirement","Blocked: missing or unconnected requirement","Blocked: missing or unconnected requirement","Blocked: missing or unconnected requirement","Blocked: missing or unconnected requirement","Blocked: missing or unconnected requirement","Recorded scope and gaps"
"VAR-107","Secure video hosting and transcoding","Community media","RED","Not implemented in current V16","Dedicated production acceptance is still pending","Partial or not connected","Added by completeness audit","stories","Videos are device-local; no secure production media pipeline.","Connect authorized hosting, scanning and transcoding.","Blocked: missing or unconnected requirement","Blocked: missing or unconnected requirement","Blocked: missing or unconnected requirement","Blocked: missing or unconnected requirement","Partial: current-build per-variable deployment/acceptance evidence pending","Blocked: missing or unconnected requirement","Blocked: missing or unconnected requirement","Blocked: missing or unconnected requirement","Blocked: missing or unconnected requirement","Blocked: missing or unconnected requirement","Blocked: missing or unconnected requirement","Recorded scope and gaps"
"VAR-108","Content moderation and abuse reporting operations","Community media","YELLOW","Partial or local implementation","Dedicated production acceptance is still pending","Partial or not connected","Added by completeness audit","concerns","Local reporting exists; no staffed moderation or production content pipeline.","Connect moderation, appeals, scanning and staff operations.","Partial: implementation requires acceptance","Partial: production integrations pending","Partial: scoped tests only","Partial: desktop and responsive widths only","Partial: current-build per-variable deployment/acceptance evidence pending","Partial: feature-specific configuration pending","Blocked: real full workflow pending","Blocked: verified account delivery missing","Blocked: second physical device/network needed","Partial: many records still local","Pending: full defect review","Recorded scope and gaps"
"VAR-109","Privacy-safe analytics consent and bot controls","Account & access","RED","Not implemented in current V16","Dedicated production acceptance is still pending","Partial or not connected","Added by completeness audit","statistics","Visitor keys are counted; a full consent/bot/retention policy is not implemented.","Review collection and implement consent, bot and retention rules.","Blocked: missing or unconnected requirement","Blocked: missing or unconnected requirement","Blocked: missing or unconnected requirement","Blocked: missing or unconnected requirement","Partial: current-build per-variable deployment/acceptance evidence pending","Blocked: missing or unconnected requirement","Blocked: missing or unconnected requirement","Blocked: missing or unconnected requirement","Blocked: missing or unconnected requirement","Blocked: missing or unconnected requirement","Blocked: missing or unconnected requirement","Recorded scope and gaps"
"VAR-110","Public: total visitors","Statistics","YELLOW","Partial or local implementation","Dedicated production acceptance is still pending","Live API and database","Added by completeness audit","statistics","Live API returns distinct visitor-key totals.","Complete the production integration and privacy/access tests for this specific metric.","Partial: implementation requires acceptance","Partial: production integrations pending","Partial: scoped tests only","Partial: desktop and responsive widths only","Partial: current-build per-variable deployment/acceptance evidence pending","Partial: feature-specific configuration pending","Blocked: real full workflow pending","Blocked: verified account delivery missing","Blocked: second physical device/network needed","Partial: many records still local","Pending: full defect review","Recorded scope and gaps"
"VAR-111","Public: visitors today","Statistics","YELLOW","Partial or local implementation","Dedicated production acceptance is still pending","Live API and database","Added by completeness audit","statistics","Live API returns distinct keys since database midnight.","Complete the production integration and privacy/access tests for this specific metric.","Partial: implementation requires acceptance","Partial: production integrations pending","Partial: scoped tests only","Partial: desktop and responsive widths only","Partial: current-build per-variable deployment/acceptance evidence pending","Partial: feature-specific configuration pending","Blocked: real full workflow pending","Blocked: verified account delivery missing","Blocked: second physical device/network needed","Partial: many records still local","Pending: full defect review","Recorded scope and gaps"
"VAR-112","Public: visitors this week","Statistics","YELLOW","Partial or local implementation","Dedicated production acceptance is still pending","Live API and database","Added by completeness audit","statistics","Live API returns seven-day distinct keys.","Complete the production integration and privacy/access tests for this specific metric.","Partial: implementation requires acceptance","Partial: production integrations pending","Partial: scoped tests only","Partial: desktop and responsive widths only","Partial: current-build per-variable deployment/acceptance evidence pending","Partial: feature-specific configuration pending","Blocked: real full workflow pending","Blocked: verified account delivery missing","Blocked: second physical device/network needed","Partial: many records still local","Pending: full defect review","Recorded scope and gaps"
"VAR-113","Public: active now","Statistics","RED","Not implemented in current V16","Dedicated production acceptance is still pending","Partial or not connected","Added by completeness audit","statistics","No real-time presence service.","Complete the production integration and privacy/access tests for this specific metric.","Blocked: missing or unconnected requirement","Blocked: missing or unconnected requirement","Blocked: missing or unconnected requirement","Blocked: missing or unconnected requirement","Partial: current-build per-variable deployment/acceptance evidence pending","Blocked: missing or unconnected requirement","Blocked: missing or unconnected requirement","Blocked: missing or unconnected requirement","Blocked: missing or unconnected requirement","Blocked: missing or unconnected requirement","Blocked: missing or unconnected requirement","Recorded scope and gaps"
"VAR-114","Public: countries and regions","Statistics","RED","Not implemented in current V16","Dedicated production acceptance is still pending","Partial or not connected","Added by completeness audit","statistics","No consented geographic aggregation.","Complete the production integration and privacy/access tests for this specific metric.","Blocked: missing or unconnected requirement","Blocked: missing or unconnected requirement","Blocked: missing or unconnected requirement","Blocked: missing or unconnected requirement","Partial: current-build per-variable deployment/acceptance evidence pending","Blocked: missing or unconnected requirement","Blocked: missing or unconnected requirement","Blocked: missing or unconnected requirement","Blocked: missing or unconnected requirement","Blocked: missing or unconnected requirement","Blocked: missing or unconnected requirement","Recorded scope and gaps"
"VAR-115","Members: registered active accounts","Statistics","YELLOW","Partial or local implementation","Dedicated production acceptance is still pending","Partial or not connected","Added by completeness audit","statistics","Authenticated API query exists; verified two-account acceptance is blocked.","Complete the production integration and privacy/access tests for this specific metric.","Partial: implementation requires acceptance","Partial: production integrations pending","Partial: scoped tests only","Partial: desktop and responsive widths only","Partial: current-build per-variable deployment/acceptance evidence pending","Partial: feature-specific configuration pending","Blocked: real full workflow pending","Blocked: verified account delivery missing","Blocked: second physical device/network needed","Partial: many records still local","Pending: full defect review","Recorded scope and gaps"
"VAR-116","Members: active this week","Statistics","YELLOW","Partial or local implementation","Dedicated production acceptance is still pending","Partial or not connected","Added by completeness audit","statistics","Session-based aggregation exists; it is not live presence.","Complete the production integration and privacy/access tests for this specific metric.","Partial: implementation requires acceptance","Partial: production integrations pending","Partial: scoped tests only","Partial: desktop and responsive widths only","Partial: current-build per-variable deployment/acceptance evidence pending","Partial: feature-specific configuration pending","Blocked: real full workflow pending","Blocked: verified account delivery missing","Blocked: second physical device/network needed","Partial: many records still local","Pending: full defect review","Recorded scope and gaps"
"VAR-117","Members: new today","Statistics","YELLOW","Partial or local implementation","Dedicated production acceptance is still pending","Partial or not connected","Added by completeness audit","statistics","Authenticated API aggregates active account creation dates.","Complete the production integration and privacy/access tests for this specific metric.","Partial: implementation requires acceptance","Partial: production integrations pending","Partial: scoped tests only","Partial: desktop and responsive widths only","Partial: current-build per-variable deployment/acceptance evidence pending","Partial: feature-specific configuration pending","Blocked: real full workflow pending","Blocked: verified account delivery missing","Blocked: second physical device/network needed","Partial: many records still local","Pending: full defect review","Recorded scope and gaps"
"VAR-118","Members: new this week","Statistics","YELLOW","Partial or local implementation","Dedicated production acceptance is still pending","Partial or not connected","Added by completeness audit","statistics","Authenticated API aggregates seven-day account creation dates.","Complete the production integration and privacy/access tests for this specific metric.","Partial: implementation requires acceptance","Partial: production integrations pending","Partial: scoped tests only","Partial: desktop and responsive widths only","Partial: current-build per-variable deployment/acceptance evidence pending","Partial: feature-specific configuration pending","Blocked: real full workflow pending","Blocked: verified account delivery missing","Blocked: second physical device/network needed","Partial: many records still local","Pending: full defect review","Recorded scope and gaps"
"VAR-119","Members: new this month","Statistics","RED","Not implemented in current V16","Dedicated production acceptance is still pending","Partial or not connected","Added by completeness audit","statistics","No monthly production aggregation.","Complete the production integration and privacy/access tests for this specific metric.","Blocked: missing or unconnected requirement","Blocked: missing or unconnected requirement","Blocked: missing or unconnected requirement","Blocked: missing or unconnected requirement","Partial: current-build per-variable deployment/acceptance evidence pending","Blocked: missing or unconnected requirement","Blocked: missing or unconnected requirement","Blocked: missing or unconnected requirement","Blocked: missing or unconnected requirement","Blocked: missing or unconnected requirement","Blocked: missing or unconnected requirement","Recorded scope and gaps"
"VAR-120","Members: Need Help role count","Statistics","YELLOW","Partial or local implementation","Dedicated production acceptance is still pending","Partial or not connected","Added by completeness audit","statistics","Local role totals exist; production role aggregation does not.","Complete the production integration and privacy/access tests for this specific metric.","Partial: implementation requires acceptance","Partial: production integrations pending","Partial: scoped tests only","Partial: desktop and responsive widths only","Partial: current-build per-variable deployment/acceptance evidence pending","Partial: feature-specific configuration pending","Blocked: real full workflow pending","Blocked: verified account delivery missing","Blocked: second physical device/network needed","Partial: many records still local","Pending: full defect review","Recorded scope and gaps"
"VAR-121","Members: Help Provider role count","Statistics","YELLOW","Partial or local implementation","Dedicated production acceptance is still pending","Partial or not connected","Added by completeness audit","statistics","Local role totals exist; production role aggregation does not.","Complete the production integration and privacy/access tests for this specific metric.","Partial: implementation requires acceptance","Partial: production integrations pending","Partial: scoped tests only","Partial: desktop and responsive widths only","Partial: current-build per-variable deployment/acceptance evidence pending","Partial: feature-specific configuration pending","Blocked: real full workflow pending","Blocked: verified account delivery missing","Blocked: second physical device/network needed","Partial: many records still local","Pending: full defect review","Recorded scope and gaps"
"VAR-122","Members: Both role count","Statistics","YELLOW","Partial or local implementation","Dedicated production acceptance is still pending","Partial or not connected","Added by completeness audit","statistics","Local role totals exist; production role aggregation does not.","Complete the production integration and privacy/access tests for this specific metric.","Partial: implementation requires acceptance","Partial: production integrations pending","Partial: scoped tests only","Partial: desktop and responsive widths only","Partial: current-build per-variable deployment/acceptance evidence pending","Partial: feature-specific configuration pending","Blocked: real full workflow pending","Blocked: verified account delivery missing","Blocked: second physical device/network needed","Partial: many records still local","Pending: full defect review","Recorded scope and gaps"
"VAR-123","Members: groups created","Statistics","YELLOW","Partial or local implementation","Dedicated production acceptance is still pending","Partial or not connected","Added by completeness audit","statistics","Local group count exists; cross-device backend groups do not.","Complete the production integration and privacy/access tests for this specific metric.","Partial: implementation requires acceptance","Partial: production integrations pending","Partial: scoped tests only","Partial: desktop and responsive widths only","Partial: current-build per-variable deployment/acceptance evidence pending","Partial: feature-specific configuration pending","Blocked: real full workflow pending","Blocked: verified account delivery missing","Blocked: second physical device/network needed","Partial: many records still local","Pending: full defect review","Recorded scope and gaps"
"VAR-124","Members: causes joined","Statistics","YELLOW","Partial or local implementation","Dedicated production acceptance is still pending","Partial or not connected","Added by completeness audit","statistics","Local cause membership count exists; backend aggregation does not.","Complete the production integration and privacy/access tests for this specific metric.","Partial: implementation requires acceptance","Partial: production integrations pending","Partial: scoped tests only","Partial: desktop and responsive widths only","Partial: current-build per-variable deployment/acceptance evidence pending","Partial: feature-specific configuration pending","Blocked: real full workflow pending","Blocked: verified account delivery missing","Blocked: second physical device/network needed","Partial: many records still local","Pending: full defect review","Recorded scope and gaps"
"VAR-125","Members: messages","Statistics","YELLOW","Partial or local implementation","Dedicated production acceptance is still pending","Partial or not connected","Added by completeness audit","statistics","Local message count exists; secure production messaging does not.","Complete the production integration and privacy/access tests for this specific metric.","Partial: implementation requires acceptance","Partial: production integrations pending","Partial: scoped tests only","Partial: desktop and responsive widths only","Partial: current-build per-variable deployment/acceptance evidence pending","Partial: feature-specific configuration pending","Blocked: real full workflow pending","Blocked: verified account delivery missing","Blocked: second physical device/network needed","Partial: many records still local","Pending: full defect review","Recorded scope and gaps"
"VAR-126","Members: conversations","Statistics","YELLOW","Partial or local implementation","Dedicated production acceptance is still pending","Partial or not connected","Added by completeness audit","statistics","Local distinct-pair count exists; backend conversations do not.","Complete the production integration and privacy/access tests for this specific metric.","Partial: implementation requires acceptance","Partial: production integrations pending","Partial: scoped tests only","Partial: desktop and responsive widths only","Partial: current-build per-variable deployment/acceptance evidence pending","Partial: feature-specific configuration pending","Blocked: real full workflow pending","Blocked: verified account delivery missing","Blocked: second physical device/network needed","Partial: many records still local","Pending: full defect review","Recorded scope and gaps"
"VAR-127","Admin: moderation reports","Statistics","YELLOW","Partial or local implementation","Dedicated production acceptance is still pending","Partial or not connected","Added by completeness audit","statistics","Explicit test preview can show local report totals; production admin access is absent.","Complete the production integration and privacy/access tests for this specific metric.","Partial: implementation requires acceptance","Partial: production integrations pending","Partial: scoped tests only","Partial: desktop and responsive widths only","Partial: current-build per-variable deployment/acceptance evidence pending","Partial: feature-specific configuration pending","Blocked: real full workflow pending","Blocked: verified account delivery missing","Blocked: second physical device/network needed","Partial: many records still local","Pending: full defect review","Recorded scope and gaps"
"VAR-128","Admin: safeguarding concerns","Statistics","YELLOW","Partial or local implementation","Dedicated production acceptance is still pending","Partial or not connected","Added by completeness audit","statistics","Explicit test preview can show local concern totals; production admin access is absent.","Complete the production integration and privacy/access tests for this specific metric.","Partial: implementation requires acceptance","Partial: production integrations pending","Partial: scoped tests only","Partial: desktop and responsive widths only","Partial: current-build per-variable deployment/acceptance evidence pending","Partial: feature-specific configuration pending","Blocked: real full workflow pending","Blocked: verified account delivery missing","Blocked: second physical device/network needed","Partial: many records still local","Pending: full defect review","Recorded scope and gaps"
"VAR-129","Admin: high-priority defects","Statistics","YELLOW","Partial or local implementation","Dedicated production acceptance is still pending","Partial or not connected","Added by completeness audit","statistics","Explicit test preview can show local defect totals.","Complete the production integration and privacy/access tests for this specific metric.","Partial: implementation requires acceptance","Partial: production integrations pending","Partial: scoped tests only","Partial: desktop and responsive widths only","Partial: current-build per-variable deployment/acceptance evidence pending","Partial: feature-specific configuration pending","Blocked: real full workflow pending","Blocked: verified account delivery missing","Blocked: second physical device/network needed","Partial: many records still local","Pending: full defect review","Recorded scope and gaps"
"VAR-130","Admin: failed signups","Statistics","RED","Not implemented in current V16","Dedicated production acceptance is still pending","Partial or not connected","Added by completeness audit","statistics","No production failure analytics.","Complete the production integration and privacy/access tests for this specific metric.","Blocked: missing or unconnected requirement","Blocked: missing or unconnected requirement","Blocked: missing or unconnected requirement","Blocked: missing or unconnected requirement","Partial: current-build per-variable deployment/acceptance evidence pending","Blocked: missing or unconnected requirement","Blocked: missing or unconnected requirement","Blocked: missing or unconnected requirement","Blocked: missing or unconnected requirement","Blocked: missing or unconnected requirement","Blocked: missing or unconnected requirement","Recorded scope and gaps"
"VAR-131","Admin: verification rates","Statistics","RED","Not implemented in current V16","Dedicated production acceptance is still pending","Partial or not connected","Added by completeness audit","statistics","Verification delivery and rate analytics are absent.","Complete the production integration and privacy/access tests for this specific metric.","Blocked: missing or unconnected requirement","Blocked: missing or unconnected requirement","Blocked: missing or unconnected requirement","Blocked: missing or unconnected requirement","Partial: current-build per-variable deployment/acceptance evidence pending","Blocked: missing or unconnected requirement","Blocked: missing or unconnected requirement","Blocked: missing or unconnected requirement","Blocked: missing or unconnected requirement","Blocked: missing or unconnected requirement","Blocked: missing or unconnected requirement","Recorded scope and gaps"
"VAR-132","Admin: suspicious traffic","Statistics","RED","Not implemented in current V16","Dedicated production acceptance is still pending","Partial or not connected","Added by completeness audit","statistics","No production detection or reporting.","Complete the production integration and privacy/access tests for this specific metric.","Blocked: missing or unconnected requirement","Blocked: missing or unconnected requirement","Blocked: missing or unconnected requirement","Blocked: missing or unconnected requirement","Partial: current-build per-variable deployment/acceptance evidence pending","Blocked: missing or unconnected requirement","Blocked: missing or unconnected requirement","Blocked: missing or unconnected requirement","Blocked: missing or unconnected requirement","Blocked: missing or unconnected requirement","Blocked: missing or unconnected requirement","Recorded scope and gaps"
"VAR-133","Admin: retention","Statistics","RED","Not implemented in current V16","Dedicated production acceptance is still pending","Partial or not connected","Added by completeness audit","statistics","No retention cohort analytics.","Complete the production integration and privacy/access tests for this specific metric.","Blocked: missing or unconnected requirement","Blocked: missing or unconnected requirement","Blocked: missing or unconnected requirement","Blocked: missing or unconnected requirement","Partial: current-build per-variable deployment/acceptance evidence pending","Blocked: missing or unconnected requirement","Blocked: missing or unconnected requirement","Blocked: missing or unconnected requirement","Blocked: missing or unconnected requirement","Blocked: missing or unconnected requirement","Blocked: missing or unconnected requirement","Recorded scope and gaps"
"VAR-134","Admin: storage usage","Statistics","RED","Not implemented in current V16","Dedicated production acceptance is still pending","Partial or not connected","Added by completeness audit","statistics","No production storage dashboard.","Complete the production integration and privacy/access tests for this specific metric.","Blocked: missing or unconnected requirement","Blocked: missing or unconnected requirement","Blocked: missing or unconnected requirement","Blocked: missing or unconnected requirement","Partial: current-build per-variable deployment/acceptance evidence pending","Blocked: missing or unconnected requirement","Blocked: missing or unconnected requirement","Blocked: missing or unconnected requirement","Blocked: missing or unconnected requirement","Blocked: missing or unconnected requirement","Blocked: missing or unconnected requirement","Recorded scope and gaps"
"VAR-135","Admin: infrastructure health","Statistics","YELLOW","Partial or local implementation","Dedicated production acceptance is still pending","Partial or not connected","Added by completeness audit","statistics","Basic API/database health is live; admin dashboard and response operations are pending.","Complete the production integration and privacy/access tests for this specific metric.","Partial: implementation requires acceptance","Partial: production integrations pending","Partial: scoped tests only","Partial: desktop and responsive widths only","Partial: current-build per-variable deployment/acceptance evidence pending","Partial: feature-specific configuration pending","Blocked: real full workflow pending","Blocked: verified account delivery missing","Blocked: second physical device/network needed","Partial: many records still local","Pending: full defect review","Recorded scope and gaps"
"VAR-136","Facebook profile / sharing","Social profiles","YELLOW","Partial or local implementation","Dedicated production acceptance is still pending","Local profile/link configuration","Added by completeness audit","sharing","Local sharing/profile configuration exists. No provider account authentication is implied.","Test this profile/link on the current build; connect provider authorization only if required.","Partial: implementation requires acceptance","Partial: production integrations pending","Partial: scoped tests only","Partial: desktop and responsive widths only","Partial: current-build per-variable deployment/acceptance evidence pending","Partial: feature-specific configuration pending","Blocked: real full workflow pending","Blocked: verified account delivery missing","Blocked: second physical device/network needed","Partial: many records still local","Pending: full defect review","Recorded scope and gaps"
"VAR-137","Instagram profile / sharing","Social profiles","YELLOW","Partial or local implementation","Dedicated production acceptance is still pending","Local profile/link configuration","Added by completeness audit","sharing","Local sharing/profile configuration exists. No provider account authentication is implied.","Test this profile/link on the current build; connect provider authorization only if required.","Partial: implementation requires acceptance","Partial: production integrations pending","Partial: scoped tests only","Partial: desktop and responsive widths only","Partial: current-build per-variable deployment/acceptance evidence pending","Partial: feature-specific configuration pending","Blocked: real full workflow pending","Blocked: verified account delivery missing","Blocked: second physical device/network needed","Partial: many records still local","Pending: full defect review","Recorded scope and gaps"
"VAR-138","X profile / sharing","Social profiles","YELLOW","Partial or local implementation","Dedicated production acceptance is still pending","Local profile/link configuration","Added by completeness audit","sharing","Local sharing/profile configuration exists. No provider account authentication is implied.","Test this profile/link on the current build; connect provider authorization only if required.","Partial: implementation requires acceptance","Partial: production integrations pending","Partial: scoped tests only","Partial: desktop and responsive widths only","Partial: current-build per-variable deployment/acceptance evidence pending","Partial: feature-specific configuration pending","Blocked: real full workflow pending","Blocked: verified account delivery missing","Blocked: second physical device/network needed","Partial: many records still local","Pending: full defect review","Recorded scope and gaps"
"VAR-139","LinkedIn profile / sharing","Social profiles","YELLOW","Partial or local implementation","Dedicated production acceptance is still pending","Local profile/link configuration","Added by completeness audit","sharing","Local sharing/profile configuration exists. No provider account authentication is implied.","Test this profile/link on the current build; connect provider authorization only if required.","Partial: implementation requires acceptance","Partial: production integrations pending","Partial: scoped tests only","Partial: desktop and responsive widths only","Partial: current-build per-variable deployment/acceptance evidence pending","Partial: feature-specific configuration pending","Blocked: real full workflow pending","Blocked: verified account delivery missing","Blocked: second physical device/network needed","Partial: many records still local","Pending: full defect review","Recorded scope and gaps"
"VAR-140","YouTube profile / sharing","Social profiles","YELLOW","Partial or local implementation","Dedicated production acceptance is still pending","Local profile/link configuration","Added by completeness audit","sharing","Local sharing/profile configuration exists. No provider account authentication is implied.","Test this profile/link on the current build; connect provider authorization only if required.","Partial: implementation requires acceptance","Partial: production integrations pending","Partial: scoped tests only","Partial: desktop and responsive widths only","Partial: current-build per-variable deployment/acceptance evidence pending","Partial: feature-specific configuration pending","Blocked: real full workflow pending","Blocked: verified account delivery missing","Blocked: second physical device/network needed","Partial: many records still local","Pending: full defect review","Recorded scope and gaps"
"VAR-141","TikTok profile / sharing","Social profiles","YELLOW","Partial or local implementation","Dedicated production acceptance is still pending","Local profile/link configuration","Added by completeness audit","sharing","Local sharing/profile configuration exists. No provider account authentication is implied.","Test this profile/link on the current build; connect provider authorization only if required.","Partial: implementation requires acceptance","Partial: production integrations pending","Partial: scoped tests only","Partial: desktop and responsive widths only","Partial: current-build per-variable deployment/acceptance evidence pending","Partial: feature-specific configuration pending","Blocked: real full workflow pending","Blocked: verified account delivery missing","Blocked: second physical device/network needed","Partial: many records still local","Pending: full defect review","Recorded scope and gaps"
"VAR-142","Telegram profile / sharing","Social profiles","YELLOW","Partial or local implementation","Dedicated production acceptance is still pending","Local profile/link configuration","Added by completeness audit","sharing","Local sharing/profile configuration exists. No provider account authentication is implied.","Test this profile/link on the current build; connect provider authorization only if required.","Partial: implementation requires acceptance","Partial: production integrations pending","Partial: scoped tests only","Partial: desktop and responsive widths only","Partial: current-build per-variable deployment/acceptance evidence pending","Partial: feature-specific configuration pending","Blocked: real full workflow pending","Blocked: verified account delivery missing","Blocked: second physical device/network needed","Partial: many records still local","Pending: full defect review","Recorded scope and gaps"
"VAR-143","WhatsApp profile / sharing","Social profiles","YELLOW","Partial or local implementation","Dedicated production acceptance is still pending","Local profile/link configuration","Added by completeness audit","sharing","Local sharing/profile configuration exists. No provider account authentication is implied.","Test this profile/link on the current build; connect provider authorization only if required.","Partial: implementation requires acceptance","Partial: production integrations pending","Partial: scoped tests only","Partial: desktop and responsive widths only","Partial: current-build per-variable deployment/acceptance evidence pending","Partial: feature-specific configuration pending","Blocked: real full workflow pending","Blocked: verified account delivery missing","Blocked: second physical device/network needed","Partial: many records still local","Pending: full defect review","Recorded scope and gaps"
"VAR-144","Complete variable register & omission audit","Project control","YELLOW","Partial or local implementation","Dedicated production acceptance is still pending","Partial or not connected","Added by completeness audit","variableAudit","Unified register, detailed gaps, screen coverage and 12-condition results are being added.","Execute current-build register, export, status, route and coverage checks; retain evidence.","Partial: implementation requires acceptance","Partial: production integrations pending","Partial: scoped tests only","Partial: desktop and responsive widths only","Partial: current-build per-variable deployment/acceptance evidence pending","Partial: feature-specific configuration pending","Blocked: real full workflow pending","Blocked: verified account delivery missing","Blocked: second physical device/network needed","Partial: many records still local","Pending: full defect review","Recorded scope and gaps"
"VAR-145","Free-help mission: humans, animals, plants and all living things","Mission & care","YELLOW","Mission, safety notices and local animal/plant test request categories implemented","Specific mission/navigation/category/persistence checks; production acceptance pending","Device-local help records; qualified care partners and real dispatch not connected","Added by completeness audit","purpose","Mission and plain-language safety notice; clickable next-step tiles; local animal/plant test request categories.","Verify real operations, care partners, permissions and all 12 production conditions.","Partial: implementation requires acceptance","Partial: production integrations pending","Partial: scoped tests only","Partial: desktop and responsive widths only","Partial: current-build per-variable deployment/acceptance evidence pending","Partial: feature-specific configuration pending","Blocked: real full workflow pending","Blocked: verified account delivery missing","Blocked: second physical device/network needed","Partial: many records still local","Pending: full defect review","Recorded scope and gaps"
"VAR-146","Google, Microsoft and Apple account sign-in","Account & identity","YELLOW","Server identity-check component uses durable PostgreSQL transactions, browser-bound state, nonce/PKCE and signed-token checks. Twenty-two simulated-provider and six SQL-store tests pass; public provider membership is unconnected.","Scoped current-build browser/backend checks; all 12 production acceptance gates remain pending.","Provider engine deployed separately; credentials and membership integration unconnected","New user requirement","cloudAccount","Server identity-check component uses durable PostgreSQL transactions, browser-bound state, nonce/PKCE and signed-token checks. Twenty-two simulated-provider and six SQL-store tests pass; public provider membership is unconnected.","Configure approved provider apps and credentials; finish durable identity mapping/onboarding, mandatory phone verification, recovery, abuse controls and real provider end-to-end/two-account/device tests.","Partial: implementation requires acceptance","Partial: production integrations pending","Partial: scoped tests only","Partial: desktop and responsive widths only","Partial: current-build per-variable deployment/acceptance evidence pending","Partial: feature-specific configuration pending","Blocked: real full workflow pending","Blocked: verified account delivery missing","Blocked: second physical device/network needed","Partial: many records still local","Pending: full defect review","Recorded scope and gaps"
"VAR-147","Advertising campaign creation and management","Advertising & growth","YELLOW","Local TEST DATA campaigns support create/edit/search/filter, ownership, revision checks, fresh draft copies and refresh persistence.","Scoped prototype tests are recorded separately for this exact build; production acceptance pending.","Device-local prototype; real payment and ad delivery not connected","Added by completeness audit","advertising","Local TEST DATA campaigns support create/edit/search/filter, ownership, revision checks, fresh draft copies and refresh persistence.","Connect authenticated campaign backend, storage permissions, production lifecycle and acceptance.","Partial: implementation requires acceptance","Partial: production integrations pending","Partial: scoped tests only","Partial: desktop and responsive widths only","Partial: current-build per-variable deployment/acceptance evidence pending","Partial: feature-specific configuration pending","Blocked: real full workflow pending","Blocked: verified account delivery missing","Blocked: second physical device/network needed","Partial: many records still local","Pending: full defect review","Recorded scope and gaps"
"VAR-148","Advertising USD amount validation","Advertising & growth","YELLOW","USD/CAD/MXN/BTC/ETH/USDT quotes use precise integer decimal storage and rounding. Non-USD conversion requires a fresh CoinGecko snapshot; USD/CAD/USDT have no conversion surcharge.","Scoped prototype tests are recorded separately for this exact build; production acceptance pending.","Device-local prototype; real payment and ad delivery not connected","Added by completeness audit","advertising","USD/CAD/MXN/BTC/ETH/USDT quotes use precise integer decimal storage and rounding. Non-USD conversion requires a fresh CoinGecko snapshot; USD/CAD/USDT have no conversion surcharge.","Connect supported settlement, currency-specific pricing, merchant configuration and real payment verification.","Partial: implementation requires acceptance","Partial: production integrations pending","Partial: scoped tests only","Partial: desktop and responsive widths only","Partial: current-build per-variable deployment/acceptance evidence pending","Partial: feature-specific configuration pending","Blocked: real full workflow pending","Blocked: verified account delivery missing","Blocked: second physical device/network needed","Partial: many records still local","Pending: full defect review","Recorded scope and gaps"
"VAR-149","Advertising CAD amount validation","Advertising & growth","YELLOW","USD/CAD/MXN/BTC/ETH/USDT quotes use precise integer decimal storage and rounding. Non-USD conversion requires a fresh CoinGecko snapshot; USD/CAD/USDT have no conversion surcharge.","Scoped prototype tests are recorded separately for this exact build; production acceptance pending.","Device-local prototype; real payment and ad delivery not connected","Added by completeness audit","advertising","USD/CAD/MXN/BTC/ETH/USDT quotes use precise integer decimal storage and rounding. Non-USD conversion requires a fresh CoinGecko snapshot; USD/CAD/USDT have no conversion surcharge.","Connect supported settlement, currency-specific pricing, merchant configuration and real payment verification.","Partial: implementation requires acceptance","Partial: production integrations pending","Partial: scoped tests only","Partial: desktop and responsive widths only","Partial: current-build per-variable deployment/acceptance evidence pending","Partial: feature-specific configuration pending","Blocked: real full workflow pending","Blocked: verified account delivery missing","Blocked: second physical device/network needed","Partial: many records still local","Pending: full defect review","Recorded scope and gaps"
"VAR-150","Advertising MXN amount validation","Advertising & growth","YELLOW","USD/CAD/MXN/BTC/ETH/USDT quotes use precise integer decimal storage and rounding. Non-USD conversion requires a fresh CoinGecko snapshot; USD/CAD/USDT have no conversion surcharge.","Scoped prototype tests are recorded separately for this exact build; production acceptance pending.","Device-local prototype; real payment and ad delivery not connected","Added by completeness audit","advertising","USD/CAD/MXN/BTC/ETH/USDT quotes use precise integer decimal storage and rounding. Non-USD conversion requires a fresh CoinGecko snapshot; USD/CAD/USDT have no conversion surcharge.","Connect supported settlement, currency-specific pricing, merchant configuration and real payment verification.","Partial: implementation requires acceptance","Partial: production integrations pending","Partial: scoped tests only","Partial: desktop and responsive widths only","Partial: current-build per-variable deployment/acceptance evidence pending","Partial: feature-specific configuration pending","Blocked: real full workflow pending","Blocked: verified account delivery missing","Blocked: second physical device/network needed","Partial: many records still local","Pending: full defect review","Recorded scope and gaps"
"VAR-151","Advertising BTC amount validation","Advertising & growth","YELLOW","USD/CAD/MXN/BTC/ETH/USDT quotes use precise integer decimal storage and rounding. Non-USD conversion requires a fresh CoinGecko snapshot; USD/CAD/USDT have no conversion surcharge.","Scoped prototype tests are recorded separately for this exact build; production acceptance pending.","Device-local prototype; real payment and ad delivery not connected","Added by completeness audit","advertising","USD/CAD/MXN/BTC/ETH/USDT quotes use precise integer decimal storage and rounding. Non-USD conversion requires a fresh CoinGecko snapshot; USD/CAD/USDT have no conversion surcharge.","Connect supported settlement, currency-specific pricing, merchant configuration and real payment verification.","Partial: implementation requires acceptance","Partial: production integrations pending","Partial: scoped tests only","Partial: desktop and responsive widths only","Partial: current-build per-variable deployment/acceptance evidence pending","Partial: feature-specific configuration pending","Blocked: real full workflow pending","Blocked: verified account delivery missing","Blocked: second physical device/network needed","Partial: many records still local","Pending: full defect review","Recorded scope and gaps"
"VAR-152","Advertising ETH amount validation","Advertising & growth","YELLOW","USD/CAD/MXN/BTC/ETH/USDT quotes use precise integer decimal storage and rounding. Non-USD conversion requires a fresh CoinGecko snapshot; USD/CAD/USDT have no conversion surcharge.","Scoped prototype tests are recorded separately for this exact build; production acceptance pending.","Device-local prototype; real payment and ad delivery not connected","Added by completeness audit","advertising","USD/CAD/MXN/BTC/ETH/USDT quotes use precise integer decimal storage and rounding. Non-USD conversion requires a fresh CoinGecko snapshot; USD/CAD/USDT have no conversion surcharge.","Connect supported settlement, currency-specific pricing, merchant configuration and real payment verification.","Partial: implementation requires acceptance","Partial: production integrations pending","Partial: scoped tests only","Partial: desktop and responsive widths only","Partial: current-build per-variable deployment/acceptance evidence pending","Partial: feature-specific configuration pending","Blocked: real full workflow pending","Blocked: verified account delivery missing","Blocked: second physical device/network needed","Partial: many records still local","Pending: full defect review","Recorded scope and gaps"
"VAR-153","Advertising USDT amount validation","Advertising & growth","YELLOW","USDT is supported with exact demo decimal storage and zero conversion surcharge; no fixed peg is assumed.","Scoped prototype tests are recorded separately for this exact build; production acceptance pending.","Device-local prototype; real payment and ad delivery not connected","Added by completeness audit","advertising","USDT is supported with exact demo decimal storage and zero conversion surcharge; no fixed peg is assumed.","Verify token/network decimals and connect real USDT quote, wallet and settlement.","Partial: implementation requires acceptance","Partial: production integrations pending","Partial: scoped tests only","Partial: desktop and responsive widths only","Partial: current-build per-variable deployment/acceptance evidence pending","Partial: feature-specific configuration pending","Blocked: real full workflow pending","Blocked: verified account delivery missing","Blocked: second physical device/network needed","Partial: many records still local","Pending: full defect review","Recorded scope and gaps"
"VAR-154","Advertising review workflow","Advertising & growth","YELLOW","Explicit local reviewer simulation supports approve, changes or reject with required reason and history. Self-review is rejected.","Scoped prototype tests are recorded separately for this exact build; production acceptance pending.","Device-local prototype; real payment and ad delivery not connected","Added by completeness audit","advertising","Explicit local reviewer simulation supports approve, changes or reject with required reason and history. Self-review is rejected.","Implement authorized real reviewers, moderation, appeals, escalation and review notifications.","Partial: implementation requires acceptance","Partial: production integrations pending","Partial: scoped tests only","Partial: desktop and responsive widths only","Partial: current-build per-variable deployment/acceptance evidence pending","Partial: feature-specific configuration pending","Blocked: real full workflow pending","Blocked: verified account delivery missing","Blocked: second physical device/network needed","Partial: many records still local","Pending: full defect review","Recorded scope and gaps"
"VAR-155","Advertising checkout and demo receipts","Advertising & growth","YELLOW","Owner-only checkout records fictional receipts with itemized quote and fee details; duplicate payments and account/revision races are guarded. No money moves.","Scoped prototype tests are recorded separately for this exact build; production acceptance pending.","Device-local prototype; real payment and ad delivery not connected","Added by completeness audit","advertising","Owner-only checkout records fictional receipts with itemized quote and fee details; duplicate payments and account/revision races are guarded. No money moves.","Implement real checkout, verified payment webhooks, reconciliation and production receipt permissions.","Partial: implementation requires acceptance","Partial: production integrations pending","Partial: scoped tests only","Partial: desktop and responsive widths only","Partial: current-build per-variable deployment/acceptance evidence pending","Partial: feature-specific configuration pending","Blocked: real full workflow pending","Blocked: verified account delivery missing","Blocked: second physical device/network needed","Partial: many records still local","Pending: full defect review","Recorded scope and gaps"
"VAR-156","Advertising fiat payment processing","Advertising & growth","RED","No real USD/CAD/MXN processor configured.","Scoped prototype tests are recorded separately for this exact build; production acceptance pending.","Not connected","Added by completeness audit","advertising","No real USD/CAD/MXN processor configured.","Select and configure merchant account, supported countries, cards/payment methods and verified webhooks.","Partial: implementation requires acceptance","Partial: production integrations pending","Partial: scoped tests only","Partial: desktop and responsive widths only","Partial: current-build per-variable deployment/acceptance evidence pending","Partial: feature-specific configuration pending","Blocked: real full workflow pending","Blocked: verified account delivery missing","Blocked: second physical device/network needed","Partial: many records still local","Pending: full defect review","Recorded scope and gaps"
"VAR-157","Advertising crypto payment processing","Advertising & growth","RED","No real BTC/ETH/USDT wallets or payment service configured; no addresses or private keys collected.","Scoped prototype tests are recorded separately for this exact build; production acceptance pending.","Not connected","Added by completeness audit","advertising","No real BTC/ETH/USDT wallets or payment service configured; no addresses or private keys collected.","Choose custody/provider model; verify network, quote expiry, confirmations, fees and settlement.","Partial: implementation requires acceptance","Partial: production integrations pending","Partial: scoped tests only","Partial: desktop and responsive widths only","Partial: current-build per-variable deployment/acceptance evidence pending","Partial: feature-specific configuration pending","Blocked: real full workflow pending","Blocked: verified account delivery missing","Blocked: second physical device/network needed","Partial: many records still local","Pending: full defect review","Recorded scope and gaps"
"VAR-158","Advertising weekly pricing and conversion quotes","Advertising & growth","YELLOW","US$1/week, correct surcharge exemptions and CoinGecko-only exact conversion. Safe failure reasons, bounded retry guidance and private owner setup instructions are added; real payment connection remains pending.","Scoped prototype tests are recorded separately for this exact build; production acceptance pending.","Device-local prototype; real payment and ad delivery not connected","Added by completeness audit","advertising","US$1/week, correct surcharge exemptions and CoinGecko-only exact conversion. Safe failure reasons, bounded retry guidance and private owner setup instructions are added; real payment connection remains pending.","Verify authoritative server-issued price locks, rate licensing, fees/taxes and actual merchant payment acceptance.","Partial: implementation requires acceptance","Partial: production integrations pending","Partial: scoped tests only","Partial: desktop and responsive widths only","Partial: current-build per-variable deployment/acceptance evidence pending","Partial: feature-specific configuration pending","Blocked: real full workflow pending","Blocked: verified account delivery missing","Blocked: second physical device/network needed","Partial: many records still local","Pending: full defect review","Recorded scope and gaps"
"VAR-159","Advertising Sponsored delivery and inventory","Advertising & growth","RED","Escaped Sponsored previews only; no live ad placement.","Scoped prototype tests are recorded separately for this exact build; production acceptance pending.","Not connected","Added by completeness audit","advertising","Escaped Sponsored previews only; no live ad placement.","Implement authorized scheduling, inventory, start/pause/end controls and delivery eligibility after verified payment.","Partial: implementation requires acceptance","Partial: production integrations pending","Partial: scoped tests only","Partial: desktop and responsive widths only","Partial: current-build per-variable deployment/acceptance evidence pending","Partial: feature-specific configuration pending","Blocked: real full workflow pending","Blocked: verified account delivery missing","Blocked: second physical device/network needed","Partial: many records still local","Pending: full defect review","Recorded scope and gaps"
"VAR-160","Advertising refunds disputes and reconciliation","Advertising & growth","RED","Demo receipts are retained; no real refunds or disputes processed.","Scoped prototype tests are recorded separately for this exact build; production acceptance pending.","Not connected","Added by completeness audit","advertising","Demo receipts are retained; no real refunds or disputes processed.","Implement cancellation policy, refunds, chargebacks, crypto refund policy and ledger reconciliation.","Partial: implementation requires acceptance","Partial: production integrations pending","Partial: scoped tests only","Partial: desktop and responsive widths only","Partial: current-build per-variable deployment/acceptance evidence pending","Partial: feature-specific configuration pending","Blocked: real full workflow pending","Blocked: verified account delivery missing","Blocked: second physical device/network needed","Partial: many records still local","Pending: full defect review","Recorded scope and gaps"
"VAR-161","Advertising fraud and content moderation","Advertising & growth","RED","Input validation and local review simulation only.","Scoped prototype tests are recorded separately for this exact build; production acceptance pending.","Not connected","Added by completeness audit","advertising","Input validation and local review simulation only.","Implement website/content review, restricted categories, fraud screening, abuse reporting and appeal handling.","Partial: implementation requires acceptance","Partial: production integrations pending","Partial: scoped tests only","Partial: desktop and responsive widths only","Partial: current-build per-variable deployment/acceptance evidence pending","Partial: feature-specific configuration pending","Blocked: real full workflow pending","Blocked: verified account delivery missing","Blocked: second physical device/network needed","Partial: many records still local","Pending: full defect review","Recorded scope and gaps"
"VAR-162","Advertising impressions clicks and performance","Advertising & growth","RED","No fabricated performance counters are displayed.","Scoped prototype tests are recorded separately for this exact build; production acceptance pending.","Not connected","Added by completeness audit","advertising","No fabricated performance counters are displayed.","Implement privacy-aware measurement, bot filtering, attribution and honest campaign reports.","Partial: implementation requires acceptance","Partial: production integrations pending","Partial: scoped tests only","Partial: desktop and responsive widths only","Partial: current-build per-variable deployment/acceptance evidence pending","Partial: feature-specific configuration pending","Blocked: real full workflow pending","Blocked: verified account delivery missing","Blocked: second physical device/network needed","Partial: many records still local","Pending: full defect review","Recorded scope and gaps"
"VAR-163","Advertising platform self-promotion campaigns","Advertising & growth","RED","Worldwide paid and free promotion requested; campaigns are not launched.","Scoped prototype tests are recorded separately for this exact build; production acceptance pending.","Not connected","Added by completeness audit","advertising","Worldwide paid and free promotion requested; campaigns are not launched.","Define audiences, consented public content, budgets, multilingual drafts and approved launch controls.","Partial: implementation requires acceptance","Partial: production integrations pending","Partial: scoped tests only","Partial: desktop and responsive widths only","Partial: current-build per-variable deployment/acceptance evidence pending","Partial: feature-specific configuration pending","Blocked: real full workflow pending","Blocked: verified account delivery missing","Blocked: second physical device/network needed","Partial: many records still local","Pending: full defect review","Recorded scope and gaps"
"VAR-164","Advertising search visibility and sitemap","Advertising & growth","RED","No new search-engine configuration made in this build.","Scoped prototype tests are recorded separately for this exact build; production acceptance pending.","Not connected","Added by completeness audit","advertising","No new search-engine configuration made in this build.","Implement public indexable pages, metadata, sitemap and Search Console ownership verification.","Partial: implementation requires acceptance","Partial: production integrations pending","Partial: scoped tests only","Partial: desktop and responsive widths only","Partial: current-build per-variable deployment/acceptance evidence pending","Partial: feature-specific configuration pending","Blocked: real full workflow pending","Blocked: verified account delivery missing","Blocked: second physical device/network needed","Partial: many records still local","Pending: full defect review","Recorded scope and gaps"
"VAR-165","Advertising external marketing channels","Advertising & growth","RED","No social account or ad-network posting integration connected.","Scoped prototype tests are recorded separately for this exact build; production acceptance pending.","Not connected","Added by completeness audit","advertising","No social account or ad-network posting integration connected.","Connect approved owned accounts and advertising networks with scopes, budgets, scheduling and stop controls.","Partial: implementation requires acceptance","Partial: production integrations pending","Partial: scoped tests only","Partial: desktop and responsive widths only","Partial: current-build per-variable deployment/acceptance evidence pending","Partial: feature-specific configuration pending","Blocked: real full workflow pending","Blocked: verified account delivery missing","Blocked: second physical device/network needed","Partial: many records still local","Pending: full defect review","Recorded scope and gaps"
"VAR-166","Advertising merchant records and launch readiness","Advertising & growth","RED","No production merchant billing, tax receipts or finalized advertising terms.","Scoped prototype tests are recorded separately for this exact build; production acceptance pending.","Not connected","Added by completeness audit","advertising","No production merchant billing, tax receipts or finalized advertising terms.","Configure merchant identity, invoicing, retention, terms, policies and jurisdiction-specific launch review.","Partial: implementation requires acceptance","Partial: production integrations pending","Partial: scoped tests only","Partial: desktop and responsive widths only","Partial: current-build per-variable deployment/acceptance evidence pending","Partial: feature-specific configuration pending","Blocked: real full workflow pending","Blocked: verified account delivery missing","Blocked: second physical device/network needed","Partial: many records still local","Pending: full defect review","Recorded scope and gaps"
"VAR-167","Advertising real end-to-end acceptance","Advertising & growth","RED","Scoped local tests do not certify paid advertising.","Scoped prototype tests are recorded separately for this exact build; production acceptance pending.","Not connected","Added by completeness audit","advertising","Scoped local tests do not certify paid advertising.","Complete all 12 gates with real accounts, test-mode processor flows, devices/networks and recorded production evidence.","Partial: implementation requires acceptance","Partial: production integrations pending","Partial: scoped tests only","Partial: desktop and responsive widths only","Partial: current-build per-variable deployment/acceptance evidence pending","Partial: feature-specific configuration pending","Blocked: real full workflow pending","Blocked: verified account delivery missing","Blocked: second physical device/network needed","Partial: many records still local","Pending: full defect review","Recorded scope and gaps"
"VAR-168","Advertising wallet and network references","Advertising & growth","YELLOW","Owner-scoped demo BTC/ETH/USDT wallet references support compatible networks, label editing/history, archiving and restoration. Assets/networks remain fixed; no addresses, keys or signatures.","Scoped prototype tests are recorded separately for this exact build; production acceptance pending.","Device-local prototype; real payment and ad delivery not connected","Added by completeness audit","advertising","Owner-scoped demo BTC/ETH/USDT wallet references support compatible networks, label editing/history, archiving and restoration. Assets/networks remain fixed; no addresses, keys or signatures.","Connect verified merchant wallet/custody model, token contracts, network IDs and secure signing/checkout.","Partial: implementation requires acceptance","Partial: production integrations pending","Partial: scoped tests only","Partial: desktop and responsive widths only","Partial: current-build per-variable deployment/acceptance evidence pending","Partial: feature-specific configuration pending","Blocked: real full workflow pending","Blocked: verified account delivery missing","Blocked: second physical device/network needed","Partial: many records still local","Pending: full defect review","Recorded scope and gaps"
"VAR-169","Advertising transaction records and history","Advertising & growth","YELLOW","Crypto demo receipts record asset/network/amount/quote/fee/history; chain hashes and confirmations remain null.","Scoped prototype tests are recorded separately for this exact build; production acceptance pending.","Device-local prototype; real payment and ad delivery not connected","Added by completeness audit","advertising","Crypto demo receipts record asset/network/amount/quote/fee/history; chain hashes and confirmations remain null.","Connect real chain watchers, transaction verification, explorers, replay/reorganization controls and reconciliation.","Partial: implementation requires acceptance","Partial: production integrations pending","Partial: scoped tests only","Partial: desktop and responsive widths only","Partial: current-build per-variable deployment/acceptance evidence pending","Partial: feature-specific configuration pending","Blocked: real full workflow pending","Blocked: verified account delivery missing","Blocked: second physical device/network needed","Partial: many records still local","Pending: full defect review","Recorded scope and gaps"
"VAR-170","Advertising blockchain broadcast and confirmations","Advertising & growth","RED","No real transaction broadcast, address generation or confirmations.","Scoped prototype tests are recorded separately for this exact build; production acceptance pending.","Not connected","Added by completeness audit","advertising","No real transaction broadcast, address generation or confirmations.","Implement matching assets and chains, broadcast status, pending/failed/confirmed records, finality and settlement.","Partial: implementation requires acceptance","Partial: production integrations pending","Partial: scoped tests only","Partial: desktop and responsive widths only","Partial: current-build per-variable deployment/acceptance evidence pending","Partial: feature-specific configuration pending","Blocked: real full workflow pending","Blocked: verified account delivery missing","Blocked: second physical device/network needed","Partial: many records still local","Pending: full defect review","Recorded scope and gaps"
"VAR-171","Advertising quote expiry and payment exceptions","Advertising & growth","RED","Expired local quotes fail closed; no real under/over/late-payment processing.","Scoped prototype tests are recorded separately for this exact build; production acceptance pending.","Not connected","Added by completeness audit","advertising","Expired local quotes fail closed; no real under/over/late-payment processing.","Implement authoritative quotes, idempotent webhooks, expiry, late payments, underpayments/overpayments and refund policies.","Partial: implementation requires acceptance","Partial: production integrations pending","Partial: scoped tests only","Partial: desktop and responsive widths only","Partial: current-build per-variable deployment/acceptance evidence pending","Partial: feature-specific configuration pending","Blocked: real full workflow pending","Blocked: verified account delivery missing","Blocked: second physical device/network needed","Partial: many records still local","Pending: full defect review","Recorded scope and gaps"
